2026-05-27 11:58:31.789 [main] INFO  c.v.f.config.AppConfig - Configuration loading from classpath: application.yml
2026-05-27 11:58:31.851 [main] INFO  c.v.f.config.AppConfig - Загрузка пути для ключа 'app.local-files.field-data-path': значение 'data/fieldData.json' (существует: true)
2026-05-27 11:58:31.852 [main] INFO  c.v.f.config.AppConfig - Загрузка пути для ключа 'app.local-files.operations-path': значение 'data/operationsData.json' (существует: true)
2026-05-27 11:58:31.852 [main] INFO  c.v.f.config.AppConfig - Загрузка пути для ключа 'app.local-files.tmc-path': значение 'data/tmc.json' (существует: true)
2026-05-27 11:58:31.852 [main] INFO  c.v.f.config.AppConfig - Загрузка пути для ключа 'app.local-files.notes-path': значение 'data/notesData.json' (существует: true)
2026-05-27 11:58:31.853 [main] INFO  c.v.f.config.AppConfig - Загрузка пути для ключа 'app.local-files.units-path': значение 'data/units.json' (существует: true)
2026-05-27 11:58:31.856 [main] INFO  c.v.f.config.AppConfig - Загрузка пути для ключа 'app.storage.cache-base-dir': значение 'cache/images' (существует: true)
2026-05-27 11:58:31.857 [main] INFO  c.v.f.config.AppConfig - Загрузка пути для ключа 'app.storage.output-dir': значение 'output' (существует: true)
2026-05-27 11:58:31.858 [main] INFO  c.v.f.config.AppConfig - Загрузка пути для ключа 'app.storage.notes.dir': значение 'notes' (существует: false)
2026-05-27 11:58:31.858 [main] INFO  c.v.f.config.AppConfig - Загрузка пути для ключа 'app.storage.charts.dir': значение 'charts' (существует: false)
2026-05-27 11:58:31.859 [main] INFO  c.v.f.config.AppConfig - Загрузка пути для ключа 'app.storage.charts.font-path': значение 'fonts/NotoSans-Regular.ttf' (существует: false)
2026-05-27 11:58:32.734 [main] INFO  c.v.f.service.ImageCacheService - Cache directory ready: cache\images
2026-05-27 11:58:32.744 [main] INFO  c.v.f.data.provider.FileDataProvider - Загрузка сырых данных с физического диска...
2026-05-27 11:58:34.213 [main] INFO  c.v.f.d.p.InMemoryDataProvider - Passport RAM cache synchronized. Found 681 verified files on disk.
2026-05-27 11:58:34.237 [main] INFO  c.v.field_passport_generator.Main - --- ДИАГНОСТИКА ПУТЕЙ ---
2026-05-27 11:58:34.237 [main] INFO  c.v.field_passport_generator.Main - Входные JSON (data/): C:\Users\vikin\OpenideProjects\field-passport-generator\data\fieldData.json
2026-05-27 11:58:34.237 [main] INFO  c.v.field_passport_generator.Main - Кэш (Read-Only): C:\Users\vikin\OpenideProjects\field-passport-generator\cache\images
2026-05-27 11:58:34.238 [main] INFO  c.v.field_passport_generator.Main - Рабочая папка NOTES: C:\Users\vikin\OpenideProjects\field-passport-generator\notes
2026-05-27 11:58:34.238 [main] INFO  c.v.field_passport_generator.Main - Рабочая папка CHARTS: C:\Users\vikin\OpenideProjects\field-passport-generator\charts
2026-05-27 11:58:34.238 [main] INFO  c.v.field_passport_generator.Main - --------------------------
2026-05-27 11:58:34.239 [main] INFO  c.v.field_passport_generator.Main - Initializing data cache...
2026-05-27 11:58:34.239 [main] INFO  c.v.f.service.ImageSyncService - Starting notes images data synchronization from: data/notesData.json
2026-05-27 11:58:34.319 [main] INFO  c.v.f.http.strategy.NoteStrategy - === Synchronization started: 594 new photos ====
2026-05-27 11:58:36.496 [main] INFO  c.v.f.http.strategy.NoteStrategy - === Отчет по прогреву кэша ===
2026-05-27 11:58:36.497 [main] INFO  c.v.f.http.strategy.NoteStrategy - Всего не хватало:   594
2026-05-27 11:58:36.498 [main] INFO  c.v.f.http.strategy.NoteStrategy - Найдено ссылок:    0
2026-05-27 11:58:36.498 [main] INFO  c.v.f.http.strategy.NoteStrategy - Успешно скачано:   0
2026-05-27 11:58:36.498 [main] INFO  c.v.f.http.strategy.NoteStrategy - --- Проблемы ---
2026-05-27 11:58:36.498 [main] INFO  c.v.f.http.strategy.NoteStrategy - Отсутствуют в API: 594 (записи без фото)
2026-05-27 11:58:36.499 [main] INFO  c.v.f.http.strategy.NoteStrategy - Ошибка загрузки:   0 (битые ссылки/404)
2026-05-27 11:58:36.499 [main] INFO  c.v.f.http.strategy.NoteStrategy - ==============================
2026-05-27 11:58:36.499 [main] INFO  c.v.f.service.ImageSyncService - Starting satellite data synchronization from data/fieldData.json
2026-05-27 11:58:36.544 [main] INFO  c.v.f.h.strategy.SatelliteStrategy - Synchronizing satellite metadata for 489 fields
2026-05-27 11:58:38.935 [main] INFO  c.v.field_passport_generator.Main - Starting in WEB mode on port 8080...
2026-05-27 11:58:39.650 [main] INFO  io.javalin.Javalin - Static file handler added: StaticFileConfig(hostedPath=/, directory=/public, location=CLASSPATH, precompressMaxSize=-1, aliasCheck=null, headers={Cache-Control=max-age=0}, skipFileFunction=null, mimeTypes={}, roles=[]). File system location: 'file:///C:/Users/vikin/OpenideProjects/field-passport-generator/target/classes/public/'
2026-05-27 11:58:39.932 [main] INFO  io.javalin.Javalin - Starting Javalin ...
2026-05-27 11:58:39.947 [main] INFO  org.eclipse.jetty.server.Server - jetty-12.1.8; built: 2026-04-01T01:09:18.991Z; git: c9cdc9aaa434a3665b8a53b4d1cc3684992da649; jvm 25.0.2+10-LTS
2026-05-27 11:58:40.144 [main] INFO  o.e.j.s.DefaultSessionIdManager - Session workerName=node0
2026-05-27 11:58:40.182 [main] INFO  o.e.j.server.handler.ContextHandler - Started oeje10s.ServletContextHandler@2cc04358{ROOT,/,b=null,a=AVAILABLE,h=oeje10s.SessionHandler@68b58644{STARTED}}
2026-05-27 11:58:40.221 [main] INFO  o.e.j.e.s.ServletContextHandler - Started oeje10s.ServletContextHandler@2cc04358{ROOT,/,b=null,a=AVAILABLE,h=oeje10s.SessionHandler@68b58644{STARTED}}
2026-05-27 11:58:40.295 [main] INFO  o.e.jetty.server.AbstractConnector - Started oejs.ServerConnector@25a5c7db{HTTP/1.1, (http/1.1)}{0.0.0.0:8080}
2026-05-27 11:58:40.296 [main] INFO  org.eclipse.jetty.server.Server - Started oejs.Server@4d27d9d{STARTING}[12.1.8,sto=0] @363ms
2026-05-27 11:58:40.298 [main] INFO  io.javalin.Javalin - 
       __                  ___          _____
      / /___ __   ______ _/ (_)___     /__  /
 __  / / __ `/ | / / __ `/ / / __ \      / /
/ /_/ / /_/ /| |/ / /_/ / / / / / /     / /
\____/\__,_/ |___/\__,_/_/_/_/ /_/     /_/

       https://javalin.io/documentation

2026-05-27 11:58:40.298 [main] INFO  io.javalin.Javalin - Javalin started in 533ms \o/
2026-05-27 11:58:40.305 [main] INFO  io.javalin.Javalin - Listening on http://localhost:8080/
2026-05-27 11:58:40.364 [main] INFO  io.javalin.Javalin - You are running Javalin 7.2.2 (released May 14, 2026).
2026-05-27 11:58:40.365 [main] INFO  c.v.field_passport_generator.Main - Application ready and serving traffic.
2026-05-27 11:58:40.365 [main] INFO  c.v.field_passport_generator.Main - Application Started.
2026-05-27 11:59:00.946 [virtual-74] INFO  c.v.f.s.o.PassportOrchestrator - ⚙️ Запущена точечная асинхронная генерация для поля: АП34-01 (2025)
2026-05-27 11:59:00.968 [virtual-74] INFO  c.v.f.service.PdfGeneratorService - ==> Старт генерации PDF для поля: АП34-01 (Файл: АП34_01_2025.pdf)
2026-05-27 11:59:02.124 [virtual-74] INFO  c.v.f.service.PdfGeneratorService - Данные поля успешно добавлены в документ
2026-05-27 11:59:02.186 [virtual-74] INFO  c.v.f.service.PdfGeneratorService - ==> Документ успешно зафиксирован на диске: C:\Users\vikin\OpenideProjects\field-passport-generator\output\АП34_01_2025.pdf
2026-05-27 11:59:02.187 [virtual-74] INFO  c.v.f.service.PdfGeneratorService - ==> Генерация завершена. Путь: C:\Users\vikin\OpenideProjects\field-passport-generator\output\АП34_01_2025.pdf
2026-05-27 12:00:13.630 [JettyServerThreadPool-63] INFO  c.v.f.s.o.PassportOrchestrator - Начало массовой генерации. Всего задач: 686
2026-05-27 12:00:13.634 [virtual-80] INFO  c.v.f.s.o.PassportOrchestrator - Паспорт 394824 уже существует, генерация пропущена (force=false)
2026-05-27 12:00:13.636 [virtual-82] INFO  c.v.f.s.o.PassportOrchestrator - Паспорт 424031 уже существует, генерация пропущена (force=false)
2026-05-27 12:00:13.634 [virtual-78] INFO  c.v.f.s.o.PassportOrchestrator - Паспорт 394712 уже существует, генерация пропущена (force=false)
2026-05-27 12:00:13.639 [virtual-96] INFO  c.v.f.s.o.PassportOrchestrator - Паспорт 394846 уже существует, генерация пропущена (force=false)
2026-05-27 12:00:13.640 [virtual-99] INFO  c.v.f.s.o.PassportOrchestrator - Паспорт 394642 уже существует, генерация пропущена (force=false)
2026-05-27 12:00:13.640 [virtual-87] INFO  c.v.f.s.o.PassportOrchestrator - Паспорт 394774 уже существует, генерация пропущена (force=false)
2026-05-27 12:00:13.636 [virtual-83] INFO  c.v.f.s.o.PassportOrchestrator - Паспорт 391372 уже существует, генерация пропущена (force=false)
2026-05-27 12:00:13.640 [virtual-100] INFO  c.v.f.s.o.PassportOrchestrator - Паспорт 422062 уже существует, генерация пропущена (force=false)
2026-05-27 12:00:13.636 [virtual-84] INFO  c.v.f.s.o.PassportOrchestrator - Паспорт 394854 уже существует, генерация пропущена (force=false)
2026-05-27 12:00:13.636 [virtual-85] INFO  c.v.f.s.o.PassportOrchestrator - Паспорт 391348 уже существует, генерация пропущена (force=false)
2026-05-27 12:00:13.638 [virtual-86] INFO  c.v.f.s.o.PassportOrchestrator - Паспорт 394692 уже существует, генерация пропущена (force=false)
2026-05-27 12:00:13.637 [virtual-91] INFO  c.v.f.s.o.PassportOrchestrator - Паспорт 394715 уже существует, генерация пропущена (force=false)
2026-05-27 12:00:13.641 [virtual-103] INFO  c.v.f.s.o.PassportOrchestrator - Паспорт 394927 уже существует, генерация пропущена (force=false)
2026-05-27 12:00:13.641 [virtual-95] INFO  c.v.f.s.o.PassportOrchestrator - Паспорт 394649 уже существует, генерация пропущена (force=false)
2026-05-27 12:00:13.638 [virtual-93] INFO  c.v.f.s.o.PassportOrchestrator - Паспорт 394793 уже существует, генерация пропущена (force=false)
2026-05-27 12:00:13.638 [virtual-92] INFO  c.v.f.s.o.PassportOrchestrator - Паспорт 394860 уже существует, генерация пропущена (force=false)
2026-05-27 12:00:13.641 [virtual-98] INFO  c.v.f.s.o.PassportOrchestrator - Паспорт 411134 уже существует, генерация пропущена (force=false)
2026-05-27 12:00:13.639 [virtual-88] INFO  c.v.f.s.o.PassportOrchestrator - Паспорт 411200 уже существует, генерация пропущена (force=false)
2026-05-27 12:00:13.641 [virtual-104] INFO  c.v.f.s.o.PassportOrchestrator - Паспорт 391361 уже существует, генерация пропущена (force=false)
2026-05-27 12:00:13.641 [virtual-106] INFO  c.v.f.s.o.PassportOrchestrator - Паспорт 394873 уже существует, генерация пропущена (force=false)
2026-05-27 12:00:13.641 [virtual-89] INFO  c.v.f.s.o.PassportOrchestrator - Паспорт 415811 уже существует, генерация пропущена (force=false)
2026-05-27 12:00:13.641 [virtual-105] INFO  c.v.f.s.o.PassportOrchestrator - Паспорт 394749 уже существует, генерация пропущена (force=false)
2026-05-27 12:00:13.641 [virtual-107] INFO  c.v.f.s.o.PassportOrchestrator - Паспорт 394873 уже существует, генерация пропущена (force=false)
2026-05-27 12:00:13.641 [virtual-109] INFO  c.v.f.s.o.PassportOrchestrator - Паспорт 394899 уже существует, генерация пропущена (force=false)
2026-05-27 12:00:13.642 [virtual-111] INFO  c.v.f.s.o.PassportOrchestrator - Паспорт 394938 уже существует, генерация пропущена (force=false)
2026-05-27 12:00:13.641 [virtual-108] INFO  c.v.f.s.o.PassportOrchestrator - Паспорт 394764 уже существует, генерация пропущена (force=false)
2026-05-27 12:00:13.642 [virtual-115] INFO  c.v.f.s.o.PassportOrchestrator - Паспорт 394718 уже существует, генерация пропущена (force=false)
2026-05-27 12:00:13.641 [virtual-110] INFO  c.v.f.s.o.PassportOrchestrator - Паспорт 394889 уже существует, генерация пропущена (force=false)
2026-05-27 12:00:13.642 [virtual-116] INFO  c.v.f.s.o.PassportOrchestrator - Паспорт 394840 уже существует, генерация пропущена (force=false)
2026-05-27 12:00:13.642 [virtual-113] INFO  c.v.f.s.o.PassportOrchestrator - Паспорт 394658 уже существует, генерация пропущена (force=false)
2026-05-27 12:00:13.642 [virtual-118] INFO  c.v.f.s.o.PassportOrchestrator - Паспорт 394863 уже существует, генерация пропущена (force=false)
2026-05-27 12:00:13.642 [virtual-114] INFO  c.v.f.s.o.PassportOrchestrator - Паспорт 394922 уже существует, генерация пропущена (force=false)
2026-05-27 12:00:13.642 [virtual-119] INFO  c.v.f.s.o.PassportOrchestrator - Паспорт 391337 уже существует, генерация пропущена (force=false)
2026-05-27 12:00:13.642 [virtual-120] INFO  c.v.f.s.o.PassportOrchestrator - Паспорт 394815 уже существует, генерация пропущена (force=false)
2026-05-27 12:00:13.640 [virtual-101] INFO  c.v.f.s.o.PassportOrchestrator - Паспорт 394896 уже существует, генерация пропущена (force=false)
2026-05-27 12:00:13.642 [virtual-112] INFO  c.v.f.s.o.PassportOrchestrator - Паспорт 394826 уже существует, генерация пропущена (force=false)
2026-05-27 12:00:13.643 [virtual-102] INFO  c.v.f.s.o.PassportOrchestrator - Паспорт 394688 уже существует, генерация пропущена (force=false)
2026-05-27 12:00:13.642 [virtual-117] INFO  c.v.f.s.o.PassportOrchestrator - Паспорт 394670 уже существует, генерация пропущена (force=false)
2026-05-27 12:00:13.644 [virtual-137] INFO  c.v.f.s.o.PassportOrchestrator - Паспорт 424028 уже существует, генерация пропущена (force=false)
2026-05-27 12:00:13.644 [virtual-135] INFO  c.v.f.s.o.PassportOrchestrator - Паспорт 394741 уже существует, генерация пропущена (force=false)
2026-05-27 12:00:13.642 [virtual-121] INFO  c.v.f.s.o.PassportOrchestrator - Паспорт 394660 уже существует, генерация пропущена (force=false)
2026-05-27 12:00:13.642 [virtual-122] INFO  c.v.f.s.o.PassportOrchestrator - Паспорт 457107 уже существует, генерация пропущена (force=false)
2026-05-27 12:00:13.642 [virtual-123] INFO  c.v.f.s.o.PassportOrchestrator - Паспорт 391362 уже существует, генерация пропущена (force=false)
2026-05-27 12:00:13.644 [virtual-140] INFO  c.v.f.s.o.PassportOrchestrator - Паспорт 422289 уже существует, генерация пропущена (force=false)
2026-05-27 12:00:13.642 [virtual-126] INFO  c.v.f.s.o.PassportOrchestrator - Паспорт 394773 уже существует, генерация пропущена (force=false)
2026-05-27 12:00:13.639 [virtual-90] INFO  c.v.f.s.o.PassportOrchestrator - Паспорт 394892 уже существует, генерация пропущена (force=false)
2026-05-27 12:00:13.642 [virtual-125] INFO  c.v.f.s.o.PassportOrchestrator - Паспорт 394757 уже существует, генерация пропущена (force=false)
2026-05-27 12:00:13.642 [virtual-127] INFO  c.v.f.s.o.PassportOrchestrator - Паспорт 394712 уже существует, генерация пропущена (force=false)
2026-05-27 12:00:13.644 [virtual-143] INFO  c.v.f.s.o.PassportOrchestrator - Паспорт 394937 уже существует, генерация пропущена (force=false)
2026-05-27 12:00:13.643 [virtual-128] INFO  c.v.f.s.o.PassportOrchestrator - Паспорт 394910 уже существует, генерация пропущена (force=false)
2026-05-27 12:00:13.644 [virtual-144] INFO  c.v.f.s.o.PassportOrchestrator - Паспорт 394818 уже существует, генерация пропущена (force=false)
2026-05-27 12:00:13.644 [virtual-145] INFO  c.v.f.s.o.PassportOrchestrator - Паспорт 394895 уже существует, генерация пропущена (force=false)
2026-05-27 12:00:13.643 [virtual-124] INFO  c.v.f.s.o.PassportOrchestrator - Паспорт 391370 уже существует, генерация пропущена (force=false)
2026-05-27 12:00:13.643 [virtual-129] INFO  c.v.f.s.o.PassportOrchestrator - Паспорт 394655 уже существует, генерация пропущена (force=false)
2026-05-27 12:00:13.644 [virtual-146] INFO  c.v.f.s.o.PassportOrchestrator - Паспорт 415105 уже существует, генерация пропущена (force=false)
2026-05-27 12:00:13.643 [virtual-130] INFO  c.v.f.s.o.PassportOrchestrator - Паспорт 394877 уже существует, генерация пропущена (force=false)
2026-05-27 12:00:13.645 [virtual-147] INFO  c.v.f.s.o.PassportOrchestrator - Паспорт 414508 уже существует, генерация пропущена (force=false)
2026-05-27 12:00:13.643 [virtual-132] INFO  c.v.f.s.o.PassportOrchestrator - Паспорт 423809 уже существует, генерация пропущена (force=false)
2026-05-27 12:00:13.645 [virtual-136] INFO  c.v.f.s.o.PassportOrchestrator - Паспорт 391351 уже существует, генерация пропущена (force=false)
2026-05-27 12:00:13.645 [virtual-151] INFO  c.v.f.s.o.PassportOrchestrator - Паспорт 391367 уже существует, генерация пропущена (force=false)
2026-05-27 12:00:13.645 [virtual-150] INFO  c.v.f.s.o.PassportOrchestrator - Паспорт 394908 уже существует, генерация пропущена (force=false)
2026-05-27 12:00:13.643 [virtual-133] INFO  c.v.f.s.o.PassportOrchestrator - Паспорт 424034 уже существует, генерация пропущена (force=false)
2026-05-27 12:00:13.644 [virtual-138] INFO  c.v.f.s.o.PassportOrchestrator - Паспорт 394903 уже существует, генерация пропущена (force=false)
2026-05-27 12:00:13.661 [virtual-278] INFO  c.v.f.s.o.PassportOrchestrator - Паспорт 424032 уже существует, генерация пропущена (force=false)
2026-05-27 12:00:13.661 [virtual-281] INFO  c.v.f.s.o.PassportOrchestrator - Паспорт 394865 уже существует, генерация пропущена (force=false)
2026-05-27 12:00:13.661 [virtual-280] INFO  c.v.f.s.o.PassportOrchestrator - Паспорт 394853 уже существует, генерация пропущена (force=false)
2026-05-27 12:00:13.645 [virtual-152] INFO  c.v.f.s.o.PassportOrchestrator - Паспорт 421472 уже существует, генерация пропущена (force=false)
2026-05-27 12:00:13.662 [virtual-282] INFO  c.v.f.s.o.PassportOrchestrator - Паспорт 423756 уже существует, генерация пропущена (force=false)
2026-05-27 12:00:13.662 [virtual-283] INFO  c.v.f.s.o.PassportOrchestrator - Паспорт 391352 уже существует, генерация пропущена (force=false)
2026-05-27 12:00:13.645 [virtual-153] INFO  c.v.f.s.o.PassportOrchestrator - Паспорт 417282 уже существует, генерация пропущена (force=false)
2026-05-27 12:00:13.662 [virtual-284] INFO  c.v.f.s.o.PassportOrchestrator - Паспорт 391371 уже существует, генерация пропущена (force=false)
2026-05-27 12:00:13.645 [virtual-154] INFO  c.v.f.s.o.PassportOrchestrator - Паспорт 394639 уже существует, генерация пропущена (force=false)
2026-05-27 12:00:13.662 [virtual-286] INFO  c.v.f.s.o.PassportOrchestrator - Паспорт 394687 уже существует, генерация пропущена (force=false)
2026-05-27 12:00:13.662 [virtual-287] INFO  c.v.f.s.o.PassportOrchestrator - Паспорт 394926 уже существует, генерация пропущена (force=false)
2026-05-27 12:00:13.645 [virtual-155] INFO  c.v.f.s.o.PassportOrchestrator - Паспорт 424035 уже существует, генерация пропущена (force=false)
2026-05-27 12:00:13.662 [virtual-289] INFO  c.v.f.s.o.PassportOrchestrator - Паспорт 391368 уже существует, генерация пропущена (force=false)
2026-05-27 12:00:13.652 [virtual-237] INFO  c.v.f.s.o.PassportOrchestrator - Паспорт 394850 уже существует, генерация пропущена (force=false)
2026-05-27 12:00:13.662 [virtual-290] INFO  c.v.f.s.o.PassportOrchestrator - Паспорт 394708 уже существует, генерация пропущена (force=false)
2026-05-27 12:00:13.662 [virtual-239] INFO  c.v.f.s.o.PassportOrchestrator - Паспорт 394821 уже существует, генерация пропущена (force=false)
2026-05-27 12:00:13.650 [virtual-220] INFO  c.v.f.s.o.PassportOrchestrator - Паспорт 424037 уже существует, генерация пропущена (force=false)
2026-05-27 12:00:13.663 [virtual-293] INFO  c.v.f.s.o.PassportOrchestrator - Паспорт 406589 уже существует, генерация пропущена (force=false)
2026-05-27 12:00:13.663 [virtual-295] INFO  c.v.f.s.o.PassportOrchestrator - Паспорт 394918 уже существует, генерация пропущена (force=false)
2026-05-27 12:00:13.663 [virtual-296] INFO  c.v.f.s.o.PassportOrchestrator - Паспорт 391353 уже существует, генерация пропущена (force=false)
2026-05-27 12:00:13.657 [virtual-257] INFO  c.v.f.s.o.PassportOrchestrator - Паспорт 424036 уже существует, генерация пропущена (force=false)
2026-05-27 12:00:13.664 [virtual-304] INFO  c.v.f.s.o.PassportOrchestrator - Паспорт 394644 уже существует, генерация пропущена (force=false)
2026-05-27 12:00:13.645 [virtual-156] INFO  c.v.f.s.o.PassportOrchestrator - Паспорт 413882 уже существует, генерация пропущена (force=false)
2026-05-27 12:00:13.663 [virtual-297] INFO  c.v.f.s.o.PassportOrchestrator - Паспорт 394760 уже существует, генерация пропущена (force=false)
2026-05-27 12:00:13.664 [virtual-306] INFO  c.v.f.s.o.PassportOrchestrator - Паспорт 394758 уже существует, генерация пропущена (force=false)
2026-05-27 12:00:13.645 [virtual-139] INFO  c.v.f.s.o.PassportOrchestrator - Паспорт 394783 уже существует, генерация пропущена (force=false)
2026-05-27 12:00:13.645 [virtual-157] INFO  c.v.f.s.o.PassportOrchestrator - Паспорт 394645 уже существует, генерация пропущена (force=false)
2026-05-27 12:00:13.645 [virtual-158] INFO  c.v.f.s.o.PassportOrchestrator - Паспорт 394917 уже существует, генерация пропущена (force=false)
2026-05-27 12:00:13.645 [virtual-160] INFO  c.v.f.s.o.PassportOrchestrator - Паспорт 394888 уже существует, генерация пропущена (force=false)
2026-05-27 12:00:13.645 [virtual-161] INFO  c.v.f.s.o.PassportOrchestrator - Паспорт 412372 уже существует, генерация пропущена (force=false)
2026-05-27 12:00:13.645 [virtual-162] INFO  c.v.f.s.o.PassportOrchestrator - Паспорт 394635 уже существует, генерация пропущена (force=false)
2026-05-27 12:00:13.645 [virtual-163] INFO  c.v.f.s.o.PassportOrchestrator - Паспорт 391364 уже существует, генерация пропущена (force=false)
2026-05-27 12:00:13.645 [virtual-164] INFO  c.v.f.s.o.PassportOrchestrator - Паспорт 424033 уже существует, генерация пропущена (force=false)
2026-05-27 12:00:13.646 [virtual-165] INFO  c.v.f.s.o.PassportOrchestrator - Паспорт 391369 уже существует, генерация пропущена (force=false)
2026-05-27 12:00:13.646 [virtual-166] INFO  c.v.f.s.o.PassportOrchestrator - Паспорт 394916 уже существует, генерация пропущена (force=false)
2026-05-27 12:00:13.646 [virtual-167] INFO  c.v.f.s.o.PassportOrchestrator - Паспорт 394876 уже существует, генерация пропущена (force=false)
2026-05-27 12:00:13.646 [virtual-169] INFO  c.v.f.s.o.PassportOrchestrator - Паспорт 394857 уже существует, генерация пропущена (force=false)
2026-05-27 12:00:13.646 [virtual-171] INFO  c.v.f.s.o.PassportOrchestrator - Паспорт 394636 уже существует, генерация пропущена (force=false)
2026-05-27 12:00:13.646 [virtual-170] INFO  c.v.f.s.o.PassportOrchestrator - Паспорт 394694 уже существует, генерация пропущена (force=false)
2026-05-27 12:00:13.646 [virtual-173] INFO  c.v.f.s.o.PassportOrchestrator - Паспорт 394902 уже существует, генерация пропущена (force=false)
2026-05-27 12:00:13.646 [virtual-172] INFO  c.v.f.s.o.PassportOrchestrator - Паспорт 394831 уже существует, генерация пропущена (force=false)
2026-05-27 12:00:13.646 [virtual-174] INFO  c.v.f.s.o.PassportOrchestrator - Паспорт 424021 уже существует, генерация пропущена (force=false)
2026-05-27 12:00:13.646 [virtual-175] INFO  c.v.f.s.o.PassportOrchestrator - Паспорт 391361 уже существует, генерация пропущена (force=false)
2026-05-27 12:00:13.646 [virtual-177] INFO  c.v.f.s.o.PassportOrchestrator - Паспорт 394827 уже существует, генерация пропущена (force=false)
2026-05-27 12:00:13.646 [virtual-179] INFO  c.v.f.s.o.PassportOrchestrator - Паспорт 414510 уже существует, генерация пропущена (force=false)
2026-05-27 12:00:13.646 [virtual-180] INFO  c.v.f.s.o.PassportOrchestrator - Паспорт 391354 уже существует, генерация пропущена (force=false)
2026-05-27 12:00:13.646 [virtual-184] INFO  c.v.f.s.o.PassportOrchestrator - Паспорт 394914 уже существует, генерация пропущена (force=false)
2026-05-27 12:00:13.646 [virtual-141] INFO  c.v.f.s.o.PassportOrchestrator - Паспорт 394754 уже существует, генерация пропущена (force=false)
2026-05-27 12:00:13.647 [virtual-185] INFO  c.v.f.s.o.PassportOrchestrator - Паспорт 415464 уже существует, генерация пропущена (force=false)
2026-05-27 12:00:13.647 [virtual-186] INFO  c.v.f.s.o.PassportOrchestrator - Паспорт 394742 уже существует, генерация пропущена (force=false)
2026-05-27 12:00:13.647 [virtual-187] INFO  c.v.f.s.o.PassportOrchestrator - Паспорт 391359 уже существует, генерация пропущена (force=false)
2026-05-27 12:00:13.647 [virtual-188] INFO  c.v.f.s.o.PassportOrchestrator - Паспорт 394801 уже существует, генерация пропущена (force=false)
2026-05-27 12:00:13.644 [virtual-142] INFO  c.v.f.s.o.PassportOrchestrator - Паспорт 414195 уже существует, генерация пропущена (force=false)
2026-05-27 12:00:13.648 [virtual-190] INFO  c.v.f.s.o.PassportOrchestrator - Паспорт 394787 уже существует, генерация пропущена (force=false)
2026-05-27 12:00:13.648 [virtual-192] INFO  c.v.f.s.o.PassportOrchestrator - Паспорт 394727 уже существует, генерация пропущена (force=false)
2026-05-27 12:00:13.648 [virtual-193] INFO  c.v.f.s.o.PassportOrchestrator - Паспорт 415855 уже существует, генерация пропущена (force=false)
2026-05-27 12:00:13.648 [virtual-194] INFO  c.v.f.s.o.PassportOrchestrator - Паспорт 394726 уже существует, генерация пропущена (force=false)
2026-05-27 12:00:13.648 [virtual-195] INFO  c.v.f.s.o.PassportOrchestrator - Паспорт 394884 уже существует, генерация пропущена (force=false)
2026-05-27 12:00:13.648 [virtual-196] INFO  c.v.f.s.o.PassportOrchestrator - Паспорт 394689 уже существует, генерация пропущена (force=false)
2026-05-27 12:00:13.648 [virtual-199] INFO  c.v.f.s.o.PassportOrchestrator - Паспорт 424607 уже существует, генерация пропущена (force=false)
2026-05-27 12:00:13.648 [virtual-131] INFO  c.v.f.s.o.PassportOrchestrator - Паспорт 391350 уже существует, генерация пропущена (force=false)
2026-05-27 12:00:13.649 [virtual-201] INFO  c.v.f.s.o.PassportOrchestrator - Паспорт 394845 уже существует, генерация пропущена (force=false)
2026-05-27 12:00:13.649 [virtual-148] INFO  c.v.f.s.o.PassportOrchestrator - Паспорт 394685 уже существует, генерация пропущена (force=false)
2026-05-27 12:00:13.649 [virtual-204] INFO  c.v.f.s.o.PassportOrchestrator - Паспорт 394662 уже существует, генерация пропущена (force=false)
2026-05-27 12:00:13.649 [virtual-205] INFO  c.v.f.s.o.PassportOrchestrator - Паспорт 391344 уже существует, генерация пропущена (force=false)
2026-05-27 12:00:13.649 [virtual-206] INFO  c.v.f.s.o.PassportOrchestrator - Паспорт 391344 уже существует, генерация пропущена (force=false)
2026-05-27 12:00:13.649 [virtual-208] INFO  c.v.f.s.o.PassportOrchestrator - Паспорт 394822 уже существует, генерация пропущена (force=false)
2026-05-27 12:00:13.649 [virtual-207] INFO  c.v.f.s.o.PassportOrchestrator - Паспорт 391346 уже существует, генерация пропущена (force=false)
2026-05-27 12:00:13.649 [virtual-203] INFO  c.v.f.s.o.PassportOrchestrator - Паспорт 394911 уже существует, генерация пропущена (force=false)
2026-05-27 12:00:13.650 [virtual-211] INFO  c.v.f.s.o.PassportOrchestrator - Паспорт 421409 уже существует, генерация пропущена (force=false)
2026-05-27 12:00:13.646 [virtual-176] INFO  c.v.f.s.o.PassportOrchestrator - Паспорт 394643 уже существует, генерация пропущена (force=false)
2026-05-27 12:00:13.650 [virtual-213] INFO  c.v.f.s.o.PassportOrchestrator - Паспорт 394894 уже существует, генерация пропущена (force=false)
2026-05-27 12:00:13.650 [virtual-212] INFO  c.v.f.s.o.PassportOrchestrator - Паспорт 458752 уже существует, генерация пропущена (force=false)
2026-05-27 12:00:13.649 [virtual-209] INFO  c.v.f.s.o.PassportOrchestrator - Паспорт 391339 уже существует, генерация пропущена (force=false)
2026-05-27 12:00:13.650 [virtual-218] INFO  c.v.f.s.o.PassportOrchestrator - Паспорт 394898 уже существует, генерация пропущена (force=false)
2026-05-27 12:00:13.646 [virtual-183] INFO  c.v.f.s.o.PassportOrchestrator - Паспорт 394886 уже существует, генерация пропущена (force=false)
2026-05-27 12:00:13.650 [virtual-215] INFO  c.v.f.s.o.PassportOrchestrator - Паспорт 391335 уже существует, генерация пропущена (force=false)
2026-05-27 12:00:13.646 [virtual-182] INFO  c.v.f.s.o.PassportOrchestrator - Паспорт 394654 уже существует, генерация пропущена (force=false)
2026-05-27 12:00:13.646 [virtual-181] INFO  c.v.f.s.o.PassportOrchestrator - Паспорт 394665 уже существует, генерация пропущена (force=false)
2026-05-27 12:00:13.651 [virtual-223] INFO  c.v.f.s.o.PassportOrchestrator - Паспорт 394720 уже существует, генерация пропущена (force=false)
2026-05-27 12:00:13.650 [virtual-221] INFO  c.v.f.s.o.PassportOrchestrator - Паспорт 414506 уже существует, генерация пропущена (force=false)
2026-05-27 12:00:13.651 [virtual-227] INFO  c.v.f.s.o.PassportOrchestrator - Паспорт 394924 уже существует, генерация пропущена (force=false)
2026-05-27 12:00:13.651 [virtual-226] INFO  c.v.f.s.o.PassportOrchestrator - Паспорт 394656 уже существует, генерация пропущена (force=false)
2026-05-27 12:00:13.651 [virtual-224] INFO  c.v.f.s.o.PassportOrchestrator - Паспорт 394791 уже существует, генерация пропущена (force=false)
2026-05-27 12:00:13.651 [virtual-225] INFO  c.v.f.s.o.PassportOrchestrator - Паспорт 424022 уже существует, генерация пропущена (force=false)
2026-05-27 12:00:13.651 [virtual-228] INFO  c.v.f.s.o.PassportOrchestrator - Паспорт 394825 уже существует, генерация пропущена (force=false)
2026-05-27 12:00:13.651 [virtual-230] INFO  c.v.f.s.o.PassportOrchestrator - Паспорт 394713 уже существует, генерация пропущена (force=false)
2026-05-27 12:00:13.651 [virtual-229] INFO  c.v.f.s.o.PassportOrchestrator - Паспорт 411202 уже существует, генерация пропущена (force=false)
2026-05-27 12:00:13.652 [virtual-231] INFO  c.v.f.s.o.PassportOrchestrator - Паспорт 394753 уже существует, генерация пропущена (force=false)
2026-05-27 12:00:13.652 [virtual-234] INFO  c.v.f.s.o.PassportOrchestrator - Паспорт 394637 уже существует, генерация пропущена (force=false)
2026-05-27 12:00:13.652 [virtual-232] INFO  c.v.f.s.o.PassportOrchestrator - Паспорт 394836 уже существует, генерация пропущена (force=false)
2026-05-27 12:00:13.652 [virtual-236] INFO  c.v.f.s.o.PassportOrchestrator - Паспорт 394843 уже существует, генерация пропущена (force=false)
2026-05-27 12:00:13.652 [virtual-235] INFO  c.v.f.s.o.PassportOrchestrator - Паспорт 413495 уже существует, генерация пропущена (force=false)
2026-05-27 12:00:13.652 [virtual-233] INFO  c.v.f.s.o.PassportOrchestrator - Паспорт 394740 уже существует, генерация пропущена (force=false)
2026-05-27 12:00:13.652 [virtual-238] INFO  c.v.f.s.o.PassportOrchestrator - Паспорт 394834 уже существует, генерация пропущена (force=false)
2026-05-27 12:00:13.651 [virtual-222] INFO  c.v.f.s.o.PassportOrchestrator - Паспорт 394820 уже существует, генерация пропущена (force=false)
2026-05-27 12:00:13.652 [virtual-241] INFO  c.v.f.s.o.PassportOrchestrator - Паспорт 391350 уже существует, генерация пропущена (force=false)
2026-05-27 12:00:13.653 [virtual-242] INFO  c.v.f.s.o.PassportOrchestrator - Паспорт 394703 уже существует, генерация пропущена (force=false)
2026-05-27 12:00:13.653 [virtual-245] INFO  c.v.f.s.o.PassportOrchestrator - Паспорт 391362 уже существует, генерация пропущена (force=false)
2026-05-27 12:00:13.653 [virtual-243] INFO  c.v.f.s.o.PassportOrchestrator - Паспорт 391334 уже существует, генерация пропущена (force=false)
2026-05-27 12:00:13.656 [virtual-247] INFO  c.v.f.s.o.PassportOrchestrator - Паспорт 458738 уже существует, генерация пропущена (force=false)
2026-05-27 12:00:13.656 [virtual-246] INFO  c.v.f.s.o.PassportOrchestrator - Паспорт 394808 уже существует, генерация пропущена (force=false)
2026-05-27 12:00:13.656 [virtual-202] INFO  c.v.f.s.o.PassportOrchestrator - Паспорт 421459 уже существует, генерация пропущена (force=false)
2026-05-27 12:00:13.648 [virtual-198] INFO  c.v.f.s.o.PassportOrchestrator - Паспорт 394802 уже существует, генерация пропущена (force=false)
2026-05-27 12:00:13.657 [virtual-251] INFO  c.v.f.s.o.PassportOrchestrator - Паспорт 394792 уже существует, генерация пропущена (force=false)
2026-05-27 12:00:13.657 [virtual-189] INFO  c.v.f.s.o.PassportOrchestrator - Паспорт 394661 уже существует, генерация пропущена (force=false)
2026-05-27 12:00:13.657 [virtual-248] INFO  c.v.f.s.o.PassportOrchestrator - Паспорт 394674 уже существует, генерация пропущена (force=false)
2026-05-27 12:00:13.657 [virtual-254] INFO  c.v.f.s.o.PassportOrchestrator - Паспорт 394727 уже существует, генерация пропущена (force=false)
2026-05-27 12:00:13.657 [virtual-253] INFO  c.v.f.s.o.PassportOrchestrator - Паспорт 394725 уже существует, генерация пропущена (force=false)
2026-05-27 12:00:13.657 [virtual-252] INFO  c.v.f.s.o.PassportOrchestrator - Паспорт 422316 уже существует, генерация пропущена (force=false)
2026-05-27 12:00:13.657 [virtual-255] INFO  c.v.f.s.o.PassportOrchestrator - Паспорт 394926 уже существует, генерация пропущена (force=false)
2026-05-27 12:00:13.657 [virtual-256] INFO  c.v.f.s.o.PassportOrchestrator - Паспорт 394888 уже существует, генерация пропущена (force=false)
2026-05-27 12:00:13.650 [virtual-210] INFO  c.v.f.s.o.PassportOrchestrator - Паспорт 394897 уже существует, генерация пропущена (force=false)
2026-05-27 12:00:13.657 [virtual-260] INFO  c.v.f.s.o.PassportOrchestrator - Паспорт 394766 уже существует, генерация пропущена (force=false)
2026-05-27 12:00:13.657 [virtual-258] INFO  c.v.f.s.o.PassportOrchestrator - Паспорт 394835 уже существует, генерация пропущена (force=false)
2026-05-27 12:00:13.657 [virtual-259] INFO  c.v.f.s.o.PassportOrchestrator - Паспорт 391345 уже существует, генерация пропущена (force=false)
2026-05-27 12:00:13.657 [virtual-249] INFO  c.v.f.s.o.PassportOrchestrator - Паспорт 394845 уже существует, генерация пропущена (force=false)
2026-05-27 12:00:13.658 [virtual-262] INFO  c.v.f.s.o.PassportOrchestrator - Паспорт 394772 уже существует, генерация пропущена (force=false)
2026-05-27 12:00:13.658 [virtual-266] INFO  c.v.f.s.o.PassportOrchestrator - Паспорт 394826 уже существует, генерация пропущена (force=false)
2026-05-27 12:00:13.658 [virtual-250] INFO  c.v.f.s.o.PassportOrchestrator - Паспорт 411138 уже существует, генерация пропущена (force=false)
2026-05-27 12:00:13.658 [virtual-263] INFO  c.v.f.s.o.PassportOrchestrator - Паспорт 394897 уже существует, генерация пропущена (force=false)
2026-05-27 12:00:13.659 [virtual-268] INFO  c.v.f.s.o.PassportOrchestrator - Паспорт 394690 уже существует, генерация пропущена (force=false)
2026-05-27 12:00:13.658 [virtual-264] INFO  c.v.f.s.o.PassportOrchestrator - Паспорт 391358 уже существует, генерация пропущена (force=false)
2026-05-27 12:00:13.658 [virtual-267] INFO  c.v.f.s.o.PassportOrchestrator - Паспорт 394746 уже существует, генерация пропущена (force=false)
2026-05-27 12:00:13.659 [virtual-269] INFO  c.v.f.s.o.PassportOrchestrator - Паспорт 394807 уже существует, генерация пропущена (force=false)
2026-05-27 12:00:13.659 [virtual-271] INFO  c.v.f.s.o.PassportOrchestrator - Паспорт 391336 уже существует, генерация пропущена (force=false)
2026-05-27 12:00:13.659 [virtual-270] INFO  c.v.f.s.o.PassportOrchestrator - Паспорт 394747 уже существует, генерация пропущена (force=false)
2026-05-27 12:00:13.659 [virtual-273] INFO  c.v.f.s.o.PassportOrchestrator - Паспорт 414201 уже существует, генерация пропущена (force=false)
2026-05-27 12:00:13.659 [virtual-274] INFO  c.v.f.s.o.PassportOrchestrator - Паспорт 394641 уже существует, генерация пропущена (force=false)
2026-05-27 12:00:13.659 [virtual-275] INFO  c.v.f.s.o.PassportOrchestrator - Паспорт 394830 уже существует, генерация пропущена (force=false)
2026-05-27 12:00:13.653 [virtual-244] INFO  c.v.f.s.o.PassportOrchestrator - Паспорт 394935 уже существует, генерация пропущена (force=false)
2026-05-27 12:00:13.660 [virtual-277] INFO  c.v.f.s.o.PassportOrchestrator - Паспорт 394663 уже существует, генерация пропущена (force=false)
2026-05-27 12:00:13.652 [virtual-240] INFO  c.v.f.s.o.PassportOrchestrator - Паспорт 391366 уже существует, генерация пропущена (force=false)
2026-05-27 12:00:13.662 [virtual-288] INFO  c.v.f.s.o.PassportOrchestrator - Паспорт 415813 уже существует, генерация пропущена (force=false)
2026-05-27 12:00:13.661 [virtual-279] INFO  c.v.f.s.o.PassportOrchestrator - Паспорт 418232 уже существует, генерация пропущена (force=false)
2026-05-27 12:00:13.662 [virtual-285] INFO  c.v.f.s.o.PassportOrchestrator - Паспорт 394799 уже существует, генерация пропущена (force=false)
2026-05-27 12:00:13.663 [virtual-294] INFO  c.v.f.s.o.PassportOrchestrator - Паспорт 391350 уже существует, генерация пропущена (force=false)
2026-05-27 12:00:13.663 [virtual-298] INFO  c.v.f.s.o.PassportOrchestrator - Паспорт 394904 уже существует, генерация пропущена (force=false)
2026-05-27 12:00:13.663 [virtual-300] INFO  c.v.f.s.o.PassportOrchestrator - Паспорт 391336 уже существует, генерация пропущена (force=false)
2026-05-27 12:00:13.664 [virtual-303] INFO  c.v.f.s.o.PassportOrchestrator - Паспорт 394868 уже существует, генерация пропущена (force=false)
2026-05-27 12:00:13.663 [virtual-299] INFO  c.v.f.s.o.PassportOrchestrator - Паспорт 441236 уже существует, генерация пропущена (force=false)
2026-05-27 12:00:13.664 [virtual-305] INFO  c.v.f.s.o.PassportOrchestrator - Паспорт 458765 уже существует, генерация пропущена (force=false)
2026-05-27 12:00:13.664 [virtual-307] INFO  c.v.f.s.o.PassportOrchestrator - Паспорт 394850 уже существует, генерация пропущена (force=false)
2026-05-27 12:00:13.658 [virtual-261] INFO  c.v.f.s.o.PassportOrchestrator - Паспорт 391363 уже существует, генерация пропущена (force=false)
2026-05-27 12:00:13.664 [virtual-308] INFO  c.v.f.s.o.PassportOrchestrator - Паспорт 394703 уже существует, генерация пропущена (force=false)
2026-05-27 12:00:13.664 [virtual-309] INFO  c.v.f.s.o.PassportOrchestrator - Паспорт 391349 уже существует, генерация пропущена (force=false)
2026-05-27 12:00:13.664 [virtual-310] INFO  c.v.f.s.o.PassportOrchestrator - Паспорт 414973 уже существует, генерация пропущена (force=false)
2026-05-27 12:00:13.665 [virtual-314] INFO  c.v.f.s.o.PassportOrchestrator - Паспорт 394919 уже существует, генерация пропущена (force=false)
2026-05-27 12:00:13.664 [virtual-302] INFO  c.v.f.s.o.PassportOrchestrator - Паспорт 394840 уже существует, генерация пропущена (force=false)
2026-05-27 12:00:13.665 [virtual-312] INFO  c.v.f.s.o.PassportOrchestrator - Паспорт 458813 уже существует, генерация пропущена (force=false)
2026-05-27 12:00:13.665 [virtual-313] INFO  c.v.f.s.o.PassportOrchestrator - Паспорт 394724 уже существует, генерация пропущена (force=false)
2026-05-27 12:00:13.665 [virtual-325] INFO  c.v.f.s.o.PassportOrchestrator - Паспорт 394829 уже существует, генерация пропущена (force=false)
2026-05-27 12:00:13.665 [virtual-315] INFO  c.v.f.s.o.PassportOrchestrator - Паспорт 404194 уже существует, генерация пропущена (force=false)
2026-05-27 12:00:13.665 [virtual-316] INFO  c.v.f.s.o.PassportOrchestrator - Паспорт 394635 уже существует, генерация пропущена (force=false)
2026-05-27 12:00:13.665 [virtual-317] INFO  c.v.f.s.o.PassportOrchestrator - Паспорт 413818 уже существует, генерация пропущена (force=false)
2026-05-27 12:00:13.664 [virtual-301] INFO  c.v.f.s.o.PassportOrchestrator - Паспорт 394834 уже существует, генерация пропущена (force=false)
2026-05-27 12:00:13.665 [virtual-320] INFO  c.v.f.s.o.PassportOrchestrator - Паспорт 394911 уже существует, генерация пропущена (force=false)
2026-05-27 12:00:13.665 [virtual-322] INFO  c.v.f.s.o.PassportOrchestrator - Паспорт 391347 уже существует, генерация пропущена (force=false)
2026-05-27 12:00:13.665 [virtual-321] INFO  c.v.f.s.o.PassportOrchestrator - Паспорт 394685 уже существует, генерация пропущена (force=false)
2026-05-27 12:00:13.665 [virtual-323] INFO  c.v.f.s.o.PassportOrchestrator - Паспорт 394833 уже существует, генерация пропущена (force=false)
2026-05-27 12:00:13.665 [virtual-324] INFO  c.v.f.s.o.PassportOrchestrator - Паспорт 394683 уже существует, генерация пропущена (force=false)
2026-05-27 12:00:13.665 [virtual-326] INFO  c.v.f.s.o.PassportOrchestrator - Паспорт 394637 уже существует, генерация пропущена (force=false)
2026-05-27 12:00:13.667 [virtual-327] INFO  c.v.f.s.o.PassportOrchestrator - Паспорт 394732 уже существует, генерация пропущена (force=false)
2026-05-27 12:00:13.665 [virtual-311] INFO  c.v.f.s.o.PassportOrchestrator - Паспорт 394856 уже существует, генерация пропущена (force=false)
2026-05-27 12:00:13.658 [virtual-265] INFO  c.v.f.s.o.PassportOrchestrator - Паспорт 391368 уже существует, генерация пропущена (force=false)
2026-05-27 12:00:13.660 [virtual-276] INFO  c.v.f.s.o.PassportOrchestrator - Паспорт 391363 уже существует, генерация пропущена (force=false)
2026-05-27 12:00:13.667 [virtual-331] INFO  c.v.f.s.o.PassportOrchestrator - Паспорт 391335 уже существует, генерация пропущена (force=false)
2026-05-27 12:00:13.667 [virtual-332] INFO  c.v.f.s.o.PassportOrchestrator - Паспорт 391360 уже существует, генерация пропущена (force=false)
2026-05-27 12:00:13.667 [virtual-333] INFO  c.v.f.s.o.PassportOrchestrator - Паспорт 394883 уже существует, генерация пропущена (force=false)
2026-05-27 12:00:13.667 [virtual-334] INFO  c.v.f.s.o.PassportOrchestrator - Паспорт 394714 уже существует, генерация пропущена (force=false)
2026-05-27 12:00:13.668 [virtual-336] INFO  c.v.f.s.o.PassportOrchestrator - Паспорт 394667 уже существует, генерация пропущена (force=false)
2026-05-27 12:00:13.668 [virtual-337] INFO  c.v.f.s.o.PassportOrchestrator - Паспорт 394925 уже существует, генерация пропущена (force=false)
2026-05-27 12:00:13.668 [virtual-335] INFO  c.v.f.s.o.PassportOrchestrator - Паспорт 406590 уже существует, генерация пропущена (force=false)
2026-05-27 12:00:13.667 [virtual-272] INFO  c.v.f.s.o.PassportOrchestrator - Паспорт 394920 уже существует, генерация пропущена (force=false)
2026-05-27 12:00:13.668 [virtual-338] INFO  c.v.f.s.o.PassportOrchestrator - Паспорт 391353 уже существует, генерация пропущена (force=false)
2026-05-27 12:00:13.668 [virtual-340] INFO  c.v.f.s.o.PassportOrchestrator - Паспорт 394651 уже существует, генерация пропущена (force=false)
2026-05-27 12:00:13.668 [JettyServerThreadPool-63] INFO  c.v.f.s.o.PassportOrchestrator - Все задачи массовой генерации ЗАПУЩЕНЫ. Всего задач: 686
2026-05-27 12:00:13.668 [virtual-343] INFO  c.v.f.s.o.PassportOrchestrator - Паспорт 394719 уже существует, генерация пропущена (force=false)
2026-05-27 12:00:13.667 [virtual-330] INFO  c.v.f.s.o.PassportOrchestrator - Паспорт 391341 уже существует, генерация пропущена (force=false)
2026-05-27 12:00:13.668 [virtual-341] INFO  c.v.f.s.o.PassportOrchestrator - Паспорт 394882 уже существует, генерация пропущена (force=false)
2026-05-27 12:00:13.668 [virtual-342] INFO  c.v.f.s.o.PassportOrchestrator - Паспорт 424027 уже существует, генерация пропущена (force=false)
2026-05-27 12:00:13.669 [virtual-339] INFO  c.v.f.s.o.PassportOrchestrator - Паспорт 394654 уже существует, генерация пропущена (force=false)
2026-05-27 12:00:13.669 [virtual-344] INFO  c.v.f.s.o.PassportOrchestrator - Паспорт 394763 уже существует, генерация пропущена (force=false)
2026-05-27 12:00:13.669 [virtual-347] INFO  c.v.f.s.o.PassportOrchestrator - Паспорт 394938 уже существует, генерация пропущена (force=false)
2026-05-27 12:00:13.669 [virtual-345] INFO  c.v.f.s.o.PassportOrchestrator - Паспорт 394666 уже существует, генерация пропущена (force=false)
2026-05-27 12:00:13.669 [virtual-346] INFO  c.v.f.s.o.PassportOrchestrator - Паспорт 394933 уже существует, генерация пропущена (force=false)
2026-05-27 12:00:13.669 [virtual-353] INFO  c.v.f.s.o.PassportOrchestrator - Паспорт 394655 уже существует, генерация пропущена (force=false)
2026-05-27 12:00:13.669 [virtual-348] INFO  c.v.f.s.o.PassportOrchestrator - Паспорт 394645 уже существует, генерация пропущена (force=false)
2026-05-27 12:00:13.669 [virtual-352] INFO  c.v.f.s.o.PassportOrchestrator - Паспорт 391352 уже существует, генерация пропущена (force=false)
2026-05-27 12:00:13.669 [virtual-351] INFO  c.v.f.s.o.PassportOrchestrator - Паспорт 394911 уже существует, генерация пропущена (force=false)
2026-05-27 12:00:13.670 [virtual-355] INFO  c.v.f.s.o.PassportOrchestrator - Паспорт 391356 уже существует, генерация пропущена (force=false)
2026-05-27 12:00:13.670 [virtual-356] INFO  c.v.f.s.o.PassportOrchestrator - Паспорт 394666 уже существует, генерация пропущена (force=false)
2026-05-27 12:00:13.670 [virtual-358] INFO  c.v.f.s.o.PassportOrchestrator - Паспорт 394838 уже существует, генерация пропущена (force=false)
2026-05-27 12:00:13.670 [virtual-357] INFO  c.v.f.s.o.PassportOrchestrator - Паспорт 394756 уже существует, генерация пропущена (force=false)
2026-05-27 12:00:13.670 [virtual-360] INFO  c.v.f.s.o.PassportOrchestrator - Паспорт 394665 уже существует, генерация пропущена (force=false)
2026-05-27 12:00:13.671 [virtual-364] INFO  c.v.f.s.o.PassportOrchestrator - Паспорт 391338 уже существует, генерация пропущена (force=false)
2026-05-27 12:00:13.671 [virtual-363] INFO  c.v.f.s.o.PassportOrchestrator - Паспорт 394917 уже существует, генерация пропущена (force=false)
2026-05-27 12:00:13.672 [virtual-365] INFO  c.v.f.s.o.PassportOrchestrator - Паспорт 394908 уже существует, генерация пропущена (force=false)
2026-05-27 12:00:13.670 [virtual-359] INFO  c.v.f.s.o.PassportOrchestrator - Паспорт 394675 уже существует, генерация пропущена (force=false)
2026-05-27 12:00:13.662 [virtual-291] INFO  c.v.f.s.o.PassportOrchestrator - Паспорт 412383 уже существует, генерация пропущена (force=false)
2026-05-27 12:00:13.662 [virtual-292] INFO  c.v.f.s.o.PassportOrchestrator - Паспорт 394717 уже существует, генерация пропущена (force=false)
2026-05-27 12:00:13.672 [virtual-362] INFO  c.v.f.s.o.PassportOrchestrator - Паспорт 414678 уже существует, генерация пропущена (force=false)
2026-05-27 12:00:13.672 [virtual-371] INFO  c.v.f.s.o.PassportOrchestrator - Паспорт 422063 уже существует, генерация пропущена (force=false)
2026-05-27 12:00:13.672 [virtual-368] INFO  c.v.f.s.o.PassportOrchestrator - Паспорт 415953 уже существует, генерация пропущена (force=false)
2026-05-27 12:00:13.672 [virtual-370] INFO  c.v.f.s.o.PassportOrchestrator - Паспорт 394914 уже существует, генерация пропущена (force=false)
2026-05-27 12:00:13.672 [virtual-373] INFO  c.v.f.s.o.PassportOrchestrator - Паспорт 394847 уже существует, генерация пропущена (force=false)
2026-05-27 12:00:13.673 [virtual-372] INFO  c.v.f.s.o.PassportOrchestrator - Паспорт 394650 уже существует, генерация пропущена (force=false)
2026-05-27 12:00:13.673 [virtual-369] INFO  c.v.f.s.o.PassportOrchestrator - Паспорт 422290 уже существует, генерация пропущена (force=false)
2026-05-27 12:00:13.667 [virtual-328] INFO  c.v.f.s.o.PassportOrchestrator - Паспорт 394933 уже существует, генерация пропущена (force=false)
2026-05-27 12:00:13.673 [virtual-376] INFO  c.v.f.s.o.PassportOrchestrator - Паспорт 394857 уже существует, генерация пропущена (force=false)
2026-05-27 12:00:13.674 [virtual-379] INFO  c.v.f.s.o.PassportOrchestrator - Паспорт 394855 уже существует, генерация пропущена (force=false)
2026-05-27 12:00:13.673 [virtual-375] INFO  c.v.f.s.o.PassportOrchestrator - Паспорт 425615 уже существует, генерация пропущена (force=false)
2026-05-27 12:00:13.673 [virtual-329] INFO  c.v.f.s.o.PassportOrchestrator - Паспорт 394672 уже существует, генерация пропущена (force=false)
2026-05-27 12:00:13.674 [virtual-378] INFO  c.v.f.s.o.PassportOrchestrator - Паспорт 394775 уже существует, генерация пропущена (force=false)
2026-05-27 12:00:13.674 [virtual-380] INFO  c.v.f.s.o.PassportOrchestrator - Паспорт 394661 уже существует, генерация пропущена (force=false)
2026-05-27 12:00:13.674 [virtual-349] INFO  c.v.f.s.o.PassportOrchestrator - Паспорт 413495 уже существует, генерация пропущена (force=false)
2026-05-27 12:00:13.674 [virtual-383] INFO  c.v.f.s.o.PassportOrchestrator - Паспорт 424605 уже существует, генерация пропущена (force=false)
2026-05-27 12:00:13.674 [virtual-385] INFO  c.v.f.s.o.PassportOrchestrator - Паспорт 394930 уже существует, генерация пропущена (force=false)
2026-05-27 12:00:13.674 [virtual-384] INFO  c.v.f.s.o.PassportOrchestrator - Паспорт 394849 уже существует, генерация пропущена (force=false)
2026-05-27 12:00:13.675 [virtual-386] INFO  c.v.f.s.o.PassportOrchestrator - Паспорт 394879 уже существует, генерация пропущена (force=false)
2026-05-27 12:00:13.675 [virtual-388] INFO  c.v.f.s.o.PassportOrchestrator - Паспорт 391364 уже существует, генерация пропущена (force=false)
2026-05-27 12:00:13.675 [virtual-389] INFO  c.v.f.s.o.PassportOrchestrator - Паспорт 405419 уже существует, генерация пропущена (force=false)
2026-05-27 12:00:13.675 [virtual-390] INFO  c.v.f.s.o.PassportOrchestrator - Паспорт 394852 уже существует, генерация пропущена (force=false)
2026-05-27 12:00:13.675 [virtual-387] INFO  c.v.f.s.o.PassportOrchestrator - Паспорт 394668 уже существует, генерация пропущена (force=false)
2026-05-27 12:00:13.675 [virtual-391] INFO  c.v.f.s.o.PassportOrchestrator - Паспорт 411137 уже существует, генерация пропущена (force=false)
2026-05-27 12:00:13.674 [virtual-382] INFO  c.v.f.s.o.PassportOrchestrator - Паспорт 391373 уже существует, генерация пропущена (force=false)
2026-05-27 12:00:13.675 [virtual-392] INFO  c.v.f.s.o.PassportOrchestrator - Паспорт 424605 уже существует, генерация пропущена (force=false)
2026-05-27 12:00:13.675 [virtual-393] INFO  c.v.f.s.o.PassportOrchestrator - Паспорт 424037 уже существует, генерация пропущена (force=false)
2026-05-27 12:00:13.675 [virtual-394] INFO  c.v.f.s.o.PassportOrchestrator - Паспорт 394759 уже существует, генерация пропущена (force=false)
2026-05-27 12:00:13.675 [virtual-395] INFO  c.v.f.s.o.PassportOrchestrator - Паспорт 394909 уже существует, генерация пропущена (force=false)
2026-05-27 12:00:13.675 [virtual-396] INFO  c.v.f.s.o.PassportOrchestrator - Паспорт 394875 уже существует, генерация пропущена (force=false)
2026-05-27 12:00:13.675 [virtual-397] INFO  c.v.f.s.o.PassportOrchestrator - Паспорт 391369 уже существует, генерация пропущена (force=false)
2026-05-27 12:00:13.676 [virtual-400] INFO  c.v.f.s.o.PassportOrchestrator - Паспорт 394673 уже существует, генерация пропущена (force=false)
2026-05-27 12:00:13.676 [virtual-401] INFO  c.v.f.s.o.PassportOrchestrator - Паспорт 391372 уже существует, генерация пропущена (force=false)
2026-05-27 12:00:13.676 [virtual-399] INFO  c.v.f.s.o.PassportOrchestrator - Паспорт 457129 уже существует, генерация пропущена (force=false)
2026-05-27 12:00:13.676 [virtual-403] INFO  c.v.f.s.o.PassportOrchestrator - Паспорт 412782 уже существует, генерация пропущена (force=false)
2026-05-27 12:00:13.676 [virtual-402] INFO  c.v.f.s.o.PassportOrchestrator - Паспорт 394669 уже существует, генерация пропущена (force=false)
2026-05-27 12:00:13.676 [virtual-404] INFO  c.v.f.s.o.PassportOrchestrator - Паспорт 394697 уже существует, генерация пропущена (force=false)
2026-05-27 12:00:13.676 [virtual-350] INFO  c.v.f.s.o.PassportOrchestrator - Паспорт 394848 уже существует, генерация пропущена (force=false)
2026-05-27 12:00:13.670 [virtual-354] INFO  c.v.f.s.o.PassportOrchestrator - Паспорт 394828 уже существует, генерация пропущена (force=false)
2026-05-27 12:00:13.676 [virtual-361] INFO  c.v.f.s.o.PassportOrchestrator - Паспорт 394893 уже существует, генерация пропущена (force=false)
2026-05-27 12:00:13.677 [virtual-407] INFO  c.v.f.s.o.PassportOrchestrator - Паспорт 391372 уже существует, генерация пропущена (force=false)
2026-05-27 12:00:13.677 [virtual-408] INFO  c.v.f.s.o.PassportOrchestrator - Паспорт 394796 уже существует, генерация пропущена (force=false)
2026-05-27 12:00:13.677 [virtual-410] INFO  c.v.f.s.o.PassportOrchestrator - Паспорт 391347 уже существует, генерация пропущена (force=false)
2026-05-27 12:00:13.677 [virtual-409] INFO  c.v.f.s.o.PassportOrchestrator - Паспорт 394882 уже существует, генерация пропущена (force=false)
2026-05-27 12:00:13.677 [virtual-411] INFO  c.v.f.s.o.PassportOrchestrator - Паспорт 394778 уже существует, генерация пропущена (force=false)
2026-05-27 12:00:13.678 [virtual-412] INFO  c.v.f.s.o.PassportOrchestrator - Паспорт 423755 уже существует, генерация пропущена (force=false)
2026-05-27 12:00:13.678 [virtual-413] INFO  c.v.f.s.o.PassportOrchestrator - Паспорт 394804 уже существует, генерация пропущена (force=false)
2026-05-27 12:00:13.672 [virtual-367] INFO  c.v.f.s.o.PassportOrchestrator - Паспорт 414681 уже существует, генерация пропущена (force=false)
2026-05-27 12:00:13.672 [virtual-366] INFO  c.v.f.s.o.PassportOrchestrator - Паспорт 391370 уже существует, генерация пропущена (force=false)
2026-05-27 12:00:13.680 [virtual-416] INFO  c.v.f.s.o.PassportOrchestrator - Паспорт 404362 уже существует, генерация пропущена (force=false)
2026-05-27 12:00:13.680 [virtual-415] INFO  c.v.f.s.o.PassportOrchestrator - Паспорт 394844 уже существует, генерация пропущена (force=false)
2026-05-27 12:00:13.672 [virtual-374] INFO  c.v.f.s.o.PassportOrchestrator - Паспорт 413818 уже существует, генерация пропущена (force=false)
2026-05-27 12:00:13.681 [virtual-417] INFO  c.v.f.s.o.PassportOrchestrator - Паспорт 394786 уже существует, генерация пропущена (force=false)
2026-05-27 12:00:13.681 [virtual-419] INFO  c.v.f.s.o.PassportOrchestrator - Паспорт 394876 уже существует, генерация пропущена (force=false)
2026-05-27 12:00:13.681 [virtual-418] INFO  c.v.f.s.o.PassportOrchestrator - Паспорт 391373 уже существует, генерация пропущена (force=false)
2026-05-27 12:00:13.681 [virtual-420] INFO  c.v.f.s.o.PassportOrchestrator - Паспорт 394696 уже существует, генерация пропущена (force=false)
2026-05-27 12:00:13.681 [virtual-422] INFO  c.v.f.s.o.PassportOrchestrator - Паспорт 394908 уже существует, генерация пропущена (force=false)
2026-05-27 12:00:13.681 [virtual-421] INFO  c.v.f.s.o.PassportOrchestrator - Паспорт 394814 уже существует, генерация пропущена (force=false)
2026-05-27 12:00:13.681 [virtual-424] INFO  c.v.f.s.o.PassportOrchestrator - Паспорт 424024 уже существует, генерация пропущена (force=false)
2026-05-27 12:00:13.681 [virtual-423] INFO  c.v.f.s.o.PassportOrchestrator - Паспорт 394721 уже существует, генерация пропущена (force=false)
2026-05-27 12:00:13.681 [virtual-425] INFO  c.v.f.s.o.PassportOrchestrator - Паспорт 391343 уже существует, генерация пропущена (force=false)
2026-05-27 12:00:13.681 [virtual-426] INFO  c.v.f.s.o.PassportOrchestrator - Паспорт 391341 уже существует, генерация пропущена (force=false)
2026-05-27 12:00:13.681 [virtual-427] INFO  c.v.f.s.o.PassportOrchestrator - Паспорт 394735 уже существует, генерация пропущена (force=false)
2026-05-27 12:00:13.681 [virtual-428] INFO  c.v.f.s.o.PassportOrchestrator - Паспорт 394651 уже существует, генерация пропущена (force=false)
2026-05-27 12:00:13.681 [virtual-429] INFO  c.v.f.s.o.PassportOrchestrator - Паспорт 406957 уже существует, генерация пропущена (force=false)
2026-05-27 12:00:13.674 [virtual-377] INFO  c.v.f.s.o.PassportOrchestrator - Паспорт 394889 уже существует, генерация пропущена (force=false)
2026-05-27 12:00:13.687 [virtual-468] INFO  c.v.f.s.o.PassportOrchestrator - Паспорт 459033 уже существует, генерация пропущена (force=false)
2026-05-27 12:00:13.685 [virtual-455] INFO  c.v.f.s.o.PassportOrchestrator - Паспорт 391361 уже существует, генерация пропущена (force=false)
2026-05-27 12:00:13.687 [virtual-470] INFO  c.v.f.s.o.PassportOrchestrator - Паспорт 411198 уже существует, генерация пропущена (force=false)
2026-05-27 12:00:13.688 [virtual-473] INFO  c.v.f.s.o.PassportOrchestrator - Паспорт 394745 уже существует, генерация пропущена (force=false)
2026-05-27 12:00:13.685 [virtual-451] INFO  c.v.f.s.o.PassportOrchestrator - Паспорт 391366 уже существует, генерация пропущена (force=false)
2026-05-27 12:00:13.683 [virtual-381] INFO  c.v.f.s.o.PassportOrchestrator - Паспорт 394767 уже существует, генерация пропущена (force=false)
2026-05-27 12:00:13.685 [virtual-457] INFO  c.v.f.s.o.PassportOrchestrator - Паспорт 391349 уже существует, генерация пропущена (force=false)
2026-05-27 12:00:13.685 [virtual-459] INFO  c.v.f.s.o.PassportOrchestrator - Паспорт 404887 уже существует, генерация пропущена (force=false)
2026-05-27 12:00:13.685 [virtual-458] INFO  c.v.f.s.o.PassportOrchestrator - Паспорт 394819 уже существует, генерация пропущена (force=false)
2026-05-27 12:00:13.689 [virtual-484] INFO  c.v.f.s.o.PassportOrchestrator - Паспорт 391375 уже существует, генерация пропущена (force=false)
2026-05-27 12:00:13.681 [virtual-430] INFO  c.v.f.s.o.PassportOrchestrator - Паспорт 394913 уже существует, генерация пропущена (force=false)
2026-05-27 12:00:13.686 [virtual-460] INFO  c.v.f.s.o.PassportOrchestrator - Паспорт 391362 уже существует, генерация пропущена (force=false)
2026-05-27 12:00:13.686 [virtual-461] INFO  c.v.f.s.o.PassportOrchestrator - Паспорт 394918 уже существует, генерация пропущена (force=false)
2026-05-27 12:00:13.686 [virtual-463] INFO  c.v.f.s.o.PassportOrchestrator - Паспорт 421459 уже существует, генерация пропущена (force=false)
2026-05-27 12:00:13.686 [virtual-465] INFO  c.v.f.s.o.PassportOrchestrator - Паспорт 394868 уже существует, генерация пропущена (force=false)
2026-05-27 12:00:13.687 [virtual-466] INFO  c.v.f.s.o.PassportOrchestrator - Паспорт 394922 уже существует, генерация пропущена (force=false)
2026-05-27 12:00:13.687 [virtual-467] INFO  c.v.f.s.o.PassportOrchestrator - Паспорт 417784 уже существует, генерация пропущена (force=false)
2026-05-27 12:00:13.686 [virtual-462] INFO  c.v.f.s.o.PassportOrchestrator - Паспорт 394705 уже существует, генерация пропущена (force=false)
2026-05-27 12:00:13.687 [virtual-471] INFO  c.v.f.s.o.PassportOrchestrator - Паспорт 394929 уже существует, генерация пропущена (force=false)
2026-05-27 12:00:13.687 [virtual-472] INFO  c.v.f.s.o.PassportOrchestrator - Паспорт 394906 уже существует, генерация пропущена (force=false)
2026-05-27 12:00:13.687 [virtual-406] INFO  c.v.f.s.o.PassportOrchestrator - Паспорт 394912 уже существует, генерация пропущена (force=false)
2026-05-27 12:00:13.688 [virtual-475] INFO  c.v.f.s.o.PassportOrchestrator - Паспорт 406588 уже существует, генерация пропущена (force=false)
2026-05-27 12:00:13.688 [virtual-474] INFO  c.v.f.s.o.PassportOrchestrator - Паспорт 394649 уже существует, генерация пропущена (force=false)
2026-05-27 12:00:13.688 [virtual-476] INFO  c.v.f.s.o.PassportOrchestrator - Паспорт 394921 уже существует, генерация пропущена (force=false)
2026-05-27 12:00:13.688 [virtual-478] INFO  c.v.f.s.o.PassportOrchestrator - Паспорт 394810 уже существует, генерация пропущена (force=false)
2026-05-27 12:00:13.689 [virtual-481] INFO  c.v.f.s.o.PassportOrchestrator - Паспорт 406592 уже существует, генерация пропущена (force=false)
2026-05-27 12:00:13.688 [virtual-464] INFO  c.v.f.s.o.PassportOrchestrator - Паспорт 394765 уже существует, генерация пропущена (force=false)
2026-05-27 12:00:13.688 [virtual-477] INFO  c.v.f.s.o.PassportOrchestrator - Паспорт 394798 уже существует, генерация пропущена (force=false)
2026-05-27 12:00:13.689 [virtual-480] INFO  c.v.f.s.o.PassportOrchestrator - Паспорт 391333 уже существует, генерация пропущена (force=false)
2026-05-27 12:00:13.689 [virtual-469] INFO  c.v.f.s.o.PassportOrchestrator - Паспорт 391346 уже существует, генерация пропущена (force=false)
2026-05-27 12:00:13.689 [virtual-482] INFO  c.v.f.s.o.PassportOrchestrator - Паспорт 394887 уже существует, генерация пропущена (force=false)
2026-05-27 12:00:13.689 [virtual-483] INFO  c.v.f.s.o.PassportOrchestrator - Паспорт 391333 уже существует, генерация пропущена (force=false)
2026-05-27 12:00:13.690 [virtual-492] INFO  c.v.f.s.o.PassportOrchestrator - Паспорт 394931 уже существует, генерация пропущена (force=false)
2026-05-27 12:00:13.690 [virtual-491] INFO  c.v.f.s.o.PassportOrchestrator - Паспорт 457107 уже существует, генерация пропущена (force=false)
2026-05-27 12:00:13.689 [virtual-486] INFO  c.v.f.s.o.PassportOrchestrator - Паспорт 394898 уже существует, генерация пропущена (force=false)
2026-05-27 12:00:13.689 [virtual-487] INFO  c.v.f.s.o.PassportOrchestrator - Паспорт 394788 уже существует, генерация пропущена (force=false)
2026-05-27 12:00:13.690 [virtual-495] INFO  c.v.f.s.o.PassportOrchestrator - Паспорт 417483 уже существует, генерация пропущена (force=false)
2026-05-27 12:00:13.690 [virtual-488] INFO  c.v.f.s.o.PassportOrchestrator - Паспорт 394824 уже существует, генерация пропущена (force=false)
2026-05-27 12:00:13.690 [virtual-497] INFO  c.v.f.s.o.PassportOrchestrator - Паспорт 394653 уже существует, генерация пропущена (force=false)
2026-05-27 12:00:13.690 [virtual-496] INFO  c.v.f.s.o.PassportOrchestrator - Паспорт 394679 уже существует, генерация пропущена (force=false)
2026-05-27 12:00:13.690 [virtual-489] INFO  c.v.f.s.o.PassportOrchestrator - Паспорт 394724 уже существует, генерация пропущена (force=false)
2026-05-27 12:00:13.691 [virtual-500] INFO  c.v.f.s.o.PassportOrchestrator - Паспорт 391358 уже существует, генерация пропущена (force=false)
2026-05-27 12:00:13.690 [virtual-490] INFO  c.v.f.s.o.PassportOrchestrator - Паспорт 411135 уже существует, генерация пропущена (force=false)
2026-05-27 12:00:13.690 [virtual-494] INFO  c.v.f.s.o.PassportOrchestrator - Паспорт 394905 уже существует, генерация пропущена (force=false)
2026-05-27 12:00:13.690 [virtual-493] INFO  c.v.f.s.o.PassportOrchestrator - Паспорт 394879 уже существует, генерация пропущена (force=false)
2026-05-27 12:00:13.691 [virtual-504] INFO  c.v.f.s.o.PassportOrchestrator - Паспорт 412773 уже существует, генерация пропущена (force=false)
2026-05-27 12:00:13.691 [virtual-507] INFO  c.v.f.s.o.PassportOrchestrator - Паспорт 394737 уже существует, генерация пропущена (force=false)
2026-05-27 12:00:13.683 [virtual-435] INFO  c.v.f.s.o.PassportOrchestrator - Паспорт 394662 уже существует, генерация пропущена (force=false)
2026-05-27 12:00:13.691 [virtual-508] INFO  c.v.f.s.o.PassportOrchestrator - Паспорт 394852 уже существует, генерация пропущена (force=false)
2026-05-27 12:00:13.691 [virtual-498] INFO  c.v.f.s.o.PassportOrchestrator - Паспорт 394684 уже существует, генерация пропущена (force=false)
2026-05-27 12:00:13.691 [virtual-479] INFO  c.v.f.s.o.PassportOrchestrator - Паспорт 394881 уже существует, генерация пропущена (force=false)
2026-05-27 12:00:13.691 [virtual-502] INFO  c.v.f.s.o.PassportOrchestrator - Паспорт 415813 уже существует, генерация пропущена (force=false)
2026-05-27 12:00:13.691 [virtual-456] INFO  c.v.f.s.o.PassportOrchestrator - Паспорт 394652 уже существует, генерация пропущена (force=false)
2026-05-27 12:00:13.691 [virtual-503] INFO  c.v.f.s.o.PassportOrchestrator - Паспорт 394907 уже существует, генерация пропущена (force=false)
2026-05-27 12:00:13.685 [virtual-452] INFO  c.v.f.s.o.PassportOrchestrator - Паспорт 391341 уже существует, генерация пропущена (force=false)
2026-05-27 12:00:13.691 [virtual-506] INFO  c.v.f.s.o.PassportOrchestrator - Паспорт 394912 уже существует, генерация пропущена (force=false)
2026-05-27 12:00:13.689 [virtual-485] INFO  c.v.f.s.o.PassportOrchestrator - Паспорт 391340 уже существует, генерация пропущена (force=false)
2026-05-27 12:00:13.692 [virtual-509] INFO  c.v.f.s.o.PassportOrchestrator - Паспорт 417283 уже существует, генерация пропущена (force=false)
2026-05-27 12:00:13.692 [virtual-510] INFO  c.v.f.s.o.PassportOrchestrator - Паспорт 457038 уже существует, генерация пропущена (force=false)
2026-05-27 12:00:13.692 [virtual-511] INFO  c.v.f.s.o.PassportOrchestrator - Паспорт 394925 уже существует, генерация пропущена (force=false)
2026-05-27 12:00:13.692 [virtual-512] INFO  c.v.f.s.o.PassportOrchestrator - Паспорт 394769 уже существует, генерация пропущена (force=false)
2026-05-27 12:00:13.692 [virtual-513] INFO  c.v.f.s.o.PassportOrchestrator - Паспорт 394831 уже существует, генерация пропущена (force=false)
2026-05-27 12:00:13.692 [virtual-514] INFO  c.v.f.s.o.PassportOrchestrator - Паспорт 394891 уже существует, генерация пропущена (force=false)
2026-05-27 12:00:13.692 [virtual-515] INFO  c.v.f.s.o.PassportOrchestrator - Паспорт 394709 уже существует, генерация пропущена (force=false)
2026-05-27 12:00:13.692 [virtual-516] INFO  c.v.f.s.o.PassportOrchestrator - Паспорт 422060 уже существует, генерация пропущена (force=false)
2026-05-27 12:00:13.692 [virtual-517] INFO  c.v.f.s.o.PassportOrchestrator - Паспорт 394833 уже существует, генерация пропущена (force=false)
2026-05-27 12:00:13.692 [virtual-518] INFO  c.v.f.s.o.PassportOrchestrator - Паспорт 414507 уже существует, генерация пропущена (force=false)
2026-05-27 12:00:13.692 [virtual-519] INFO  c.v.f.s.o.PassportOrchestrator - Паспорт 457124 уже существует, генерация пропущена (force=false)
2026-05-27 12:00:13.692 [virtual-521] INFO  c.v.f.s.o.PassportOrchestrator - Паспорт 394676 уже существует, генерация пропущена (force=false)
2026-05-27 12:00:13.692 [virtual-520] INFO  c.v.f.s.o.PassportOrchestrator - Паспорт 411132 уже существует, генерация пропущена (force=false)
2026-05-27 12:00:13.692 [virtual-522] INFO  c.v.f.s.o.PassportOrchestrator - Паспорт 394859 уже существует, генерация пропущена (force=false)
2026-05-27 12:00:13.693 [virtual-525] INFO  c.v.f.s.o.PassportOrchestrator - Паспорт 394638 уже существует, генерация пропущена (force=false)
2026-05-27 12:00:13.693 [virtual-524] INFO  c.v.f.s.o.PassportOrchestrator - Паспорт 394678 уже существует, генерация пропущена (force=false)
2026-05-27 12:00:13.685 [virtual-453] INFO  c.v.f.s.o.PassportOrchestrator - Паспорт 394730 уже существует, генерация пропущена (force=false)
2026-05-27 12:00:13.693 [virtual-433] INFO  c.v.f.s.o.PassportOrchestrator - Паспорт 412723 уже существует, генерация пропущена (force=false)
2026-05-27 12:00:13.693 [virtual-526] INFO  c.v.f.s.o.PassportOrchestrator - Паспорт 394768 уже существует, генерация пропущена (force=false)
2026-05-27 12:00:13.694 [virtual-529] INFO  c.v.f.s.o.PassportOrchestrator - Паспорт 394867 уже существует, генерация пропущена (force=false)
2026-05-27 12:00:13.694 [virtual-530] INFO  c.v.f.s.o.PassportOrchestrator - Паспорт 394677 уже существует, генерация пропущена (force=false)
2026-05-27 12:00:13.694 [virtual-528] INFO  c.v.f.s.o.PassportOrchestrator - Паспорт 394890 уже существует, генерация пропущена (force=false)
2026-05-27 12:00:13.694 [virtual-533] INFO  c.v.f.s.o.PassportOrchestrator - Паспорт 394899 уже существует, генерация пропущена (force=false)
2026-05-27 12:00:13.694 [virtual-531] INFO  c.v.f.s.o.PassportOrchestrator - Паспорт 411131 уже существует, генерация пропущена (force=false)
2026-05-27 12:00:13.694 [virtual-532] INFO  c.v.f.s.o.PassportOrchestrator - Паспорт 391365 уже существует, генерация пропущена (force=false)
2026-05-27 12:00:13.683 [virtual-434] INFO  c.v.f.s.o.PassportOrchestrator - Паспорт 394640 уже существует, генерация пропущена (force=false)
2026-05-27 12:00:13.694 [virtual-534] INFO  c.v.f.s.o.PassportOrchestrator - Паспорт 394671 уже существует, генерация пропущена (force=false)
2026-05-27 12:00:13.694 [virtual-535] INFO  c.v.f.s.o.PassportOrchestrator - Паспорт 394907 уже существует, генерация пропущена (force=false)
2026-05-27 12:00:13.694 [virtual-536] INFO  c.v.f.s.o.PassportOrchestrator - Паспорт 422020 уже существует, генерация пропущена (force=false)
2026-05-27 12:00:13.694 [virtual-537] INFO  c.v.f.s.o.PassportOrchestrator - Паспорт 394776 уже существует, генерация пропущена (force=false)
2026-05-27 12:00:13.694 [virtual-539] INFO  c.v.f.s.o.PassportOrchestrator - Паспорт 394934 уже существует, генерация пропущена (force=false)
2026-05-27 12:00:13.694 [virtual-540] INFO  c.v.f.s.o.PassportOrchestrator - Паспорт 394687 уже существует, генерация пропущена (force=false)
2026-05-27 12:00:13.694 [virtual-538] INFO  c.v.f.s.o.PassportOrchestrator - Паспорт 422017 уже существует, генерация пропущена (force=false)
2026-05-27 12:00:13.694 [virtual-541] INFO  c.v.f.s.o.PassportOrchestrator - Паспорт 394854 уже существует, генерация пропущена (force=false)
2026-05-27 12:00:13.695 [virtual-543] INFO  c.v.f.s.o.PassportOrchestrator - Паспорт 394672 уже существует, генерация пропущена (force=false)
2026-05-27 12:00:13.695 [virtual-545] INFO  c.v.f.s.o.PassportOrchestrator - Паспорт 422317 уже существует, генерация пропущена (force=false)
2026-05-27 12:00:13.695 [virtual-544] INFO  c.v.f.s.o.PassportOrchestrator - Паспорт 422059 уже существует, генерация пропущена (force=false)
2026-05-27 12:00:13.695 [virtual-547] INFO  c.v.f.s.o.PassportOrchestrator - Паспорт 391357 уже существует, генерация пропущена (force=false)
2026-05-27 12:00:13.695 [virtual-550] INFO  c.v.f.s.o.PassportOrchestrator - Паспорт 394928 уже существует, генерация пропущена (force=false)
2026-05-27 12:00:13.695 [virtual-432] INFO  c.v.f.s.o.PassportOrchestrator - Паспорт 394686 уже существует, генерация пропущена (force=false)
2026-05-27 12:00:13.681 [virtual-431] INFO  c.v.f.s.o.PassportOrchestrator - Паспорт 394924 уже существует, генерация пропущена (force=false)
2026-05-27 12:00:13.695 [virtual-549] INFO  c.v.f.s.o.PassportOrchestrator - Паспорт 394935 уже существует, генерация пропущена (force=false)
2026-05-27 12:00:13.683 [virtual-436] INFO  c.v.f.s.o.PassportOrchestrator - Паспорт 391342 уже существует, генерация пропущена (force=false)
2026-05-27 12:00:13.696 [virtual-552] INFO  c.v.f.s.o.PassportOrchestrator - Паспорт 394642 уже существует, генерация пропущена (force=false)
2026-05-27 12:00:13.696 [virtual-551] INFO  c.v.f.s.o.PassportOrchestrator - Паспорт 458756 уже существует, генерация пропущена (force=false)
2026-05-27 12:00:13.696 [virtual-553] INFO  c.v.f.s.o.PassportOrchestrator - Паспорт 424026 уже существует, генерация пропущена (force=false)
2026-05-27 12:00:13.696 [virtual-554] INFO  c.v.f.s.o.PassportOrchestrator - Паспорт 394913 уже существует, генерация пропущена (force=false)
2026-05-27 12:00:13.697 [virtual-555] INFO  c.v.f.s.o.PassportOrchestrator - Паспорт 391346 уже существует, генерация пропущена (force=false)
2026-05-27 12:00:13.697 [virtual-556] INFO  c.v.f.s.o.PassportOrchestrator - Паспорт 391356 уже существует, генерация пропущена (force=false)
2026-05-27 12:00:13.697 [virtual-414] INFO  c.v.f.s.o.PassportOrchestrator - Паспорт 394659 уже существует, генерация пропущена (force=false)
2026-05-27 12:00:13.697 [virtual-557] INFO  c.v.f.s.o.PassportOrchestrator - Паспорт 391374 уже существует, генерация пропущена (force=false)
2026-05-27 12:00:13.697 [virtual-558] INFO  c.v.f.s.o.PassportOrchestrator - Паспорт 394938 уже существует, генерация пропущена (force=false)
2026-05-27 12:00:13.698 [virtual-559] INFO  c.v.f.s.o.PassportOrchestrator - Паспорт 394699 уже существует, генерация пропущена (force=false)
2026-05-27 12:00:13.699 [virtual-563] INFO  c.v.f.s.o.PassportOrchestrator - Паспорт 406959 уже существует, генерация пропущена (force=false)
2026-05-27 12:00:13.691 [virtual-501] INFO  c.v.f.s.o.PassportOrchestrator - Паспорт 391365 уже существует, генерация пропущена (force=false)
2026-05-27 12:00:13.691 [virtual-499] INFO  c.v.f.s.o.PassportOrchestrator - Паспорт 424029 уже существует, генерация пропущена (force=false)
2026-05-27 12:00:13.700 [virtual-564] INFO  c.v.f.s.o.PassportOrchestrator - Паспорт 394667 уже существует, генерация пропущена (force=false)
2026-05-27 12:00:13.700 [virtual-560] INFO  c.v.f.s.o.PassportOrchestrator - Паспорт 391345 уже существует, генерация пропущена (force=false)
2026-05-27 12:00:13.700 [virtual-565] INFO  c.v.f.s.o.PassportOrchestrator - Паспорт 391371 уже существует, генерация пропущена (force=false)
2026-05-27 12:00:13.701 [virtual-566] INFO  c.v.f.s.o.PassportOrchestrator - Паспорт 391340 уже существует, генерация пропущена (force=false)
2026-05-27 12:00:13.702 [virtual-568] INFO  c.v.f.s.o.PassportOrchestrator - Паспорт 394828 уже существует, генерация пропущена (force=false)
2026-05-27 12:00:13.701 [virtual-569] INFO  c.v.f.s.o.PassportOrchestrator - Паспорт 394887 уже существует, генерация пропущена (force=false)
2026-05-27 12:00:13.701 [virtual-570] INFO  c.v.f.s.o.PassportOrchestrator - Паспорт 394710 уже существует, генерация пропущена (force=false)
2026-05-27 12:00:13.702 [virtual-573] INFO  c.v.f.s.o.PassportOrchestrator - Паспорт 394913 уже существует, генерация пропущена (force=false)
2026-05-27 12:00:13.702 [virtual-572] INFO  c.v.f.s.o.PassportOrchestrator - Паспорт 421459 уже существует, генерация пропущена (force=false)
2026-05-27 12:00:13.702 [virtual-575] INFO  c.v.f.s.o.PassportOrchestrator - Паспорт 391360 уже существует, генерация пропущена (force=false)
2026-05-27 12:00:13.702 [virtual-523] INFO  c.v.f.s.o.PassportOrchestrator - Паспорт 394752 уже существует, генерация пропущена (force=false)
2026-05-27 12:00:13.702 [virtual-574] INFO  c.v.f.s.o.PassportOrchestrator - Паспорт 391344 уже существует, генерация пропущена (force=false)
2026-05-27 12:00:13.701 [virtual-567] INFO  c.v.f.s.o.PassportOrchestrator - Паспорт 394916 уже существует, генерация пропущена (force=false)
2026-05-27 12:00:13.703 [virtual-577] INFO  c.v.f.s.o.PassportOrchestrator - Паспорт 391343 уже существует, генерация пропущена (force=false)
2026-05-27 12:00:13.703 [virtual-579] INFO  c.v.f.s.o.PassportOrchestrator - Паспорт 394864 уже существует, генерация пропущена (force=false)
2026-05-27 12:00:13.703 [virtual-578] INFO  c.v.f.s.o.PassportOrchestrator - Паспорт 394917 уже существует, генерация пропущена (force=false)
2026-05-27 12:00:13.695 [virtual-546] INFO  c.v.f.s.o.PassportOrchestrator - Паспорт 394839 уже существует, генерация пропущена (force=false)
2026-05-27 12:00:13.694 [virtual-542] INFO  c.v.f.s.o.PassportOrchestrator - Паспорт 391340 уже существует, генерация пропущена (force=false)
2026-05-27 12:00:13.693 [virtual-527] INFO  c.v.f.s.o.PassportOrchestrator - Паспорт 394916 уже существует, генерация пропущена (force=false)
2026-05-27 12:00:13.705 [virtual-583] INFO  c.v.f.s.o.PassportOrchestrator - Паспорт 394932 уже существует, генерация пропущена (force=false)
2026-05-27 12:00:13.705 [virtual-585] INFO  c.v.f.s.o.PassportOrchestrator - Паспорт 394710 уже существует, генерация пропущена (force=false)
2026-05-27 12:00:13.705 [virtual-587] INFO  c.v.f.s.o.PassportOrchestrator - Паспорт 414186 уже существует, генерация пропущена (force=false)
2026-05-27 12:00:13.705 [virtual-588] INFO  c.v.f.s.o.PassportOrchestrator - Паспорт 391355 уже существует, генерация пропущена (force=false)
2026-05-27 12:00:13.705 [virtual-548] INFO  c.v.f.s.o.PassportOrchestrator - Паспорт 394782 уже существует, генерация пропущена (force=false)
2026-05-27 12:00:13.705 [virtual-582] INFO  c.v.f.s.o.PassportOrchestrator - Паспорт 394869 уже существует, генерация пропущена (force=false)
2026-05-27 12:00:13.706 [virtual-591] INFO  c.v.f.s.o.PassportOrchestrator - Паспорт 394744 уже существует, генерация пропущена (force=false)
2026-05-27 12:00:13.706 [virtual-586] INFO  c.v.f.s.o.PassportOrchestrator - Паспорт 391338 уже существует, генерация пропущена (force=false)
2026-05-27 12:00:13.706 [virtual-590] INFO  c.v.f.s.o.PassportOrchestrator - Паспорт 394936 уже существует, генерация пропущена (force=false)
2026-05-27 12:00:13.706 [virtual-589] INFO  c.v.f.s.o.PassportOrchestrator - Паспорт 394794 уже существует, генерация пропущена (force=false)
2026-05-27 12:00:13.706 [virtual-592] INFO  c.v.f.s.o.PassportOrchestrator - Паспорт 394640 уже существует, генерация пропущена (force=false)
2026-05-27 12:00:13.706 [virtual-594] INFO  c.v.f.s.o.PassportOrchestrator - Паспорт 394871 уже существует, генерация пропущена (force=false)
2026-05-27 12:00:13.706 [virtual-595] INFO  c.v.f.s.o.PassportOrchestrator - Паспорт 413506 уже существует, генерация пропущена (force=false)
2026-05-27 12:00:13.706 [virtual-596] INFO  c.v.f.s.o.PassportOrchestrator - Паспорт 394817 уже существует, генерация пропущена (force=false)
2026-05-27 12:00:13.706 [virtual-598] INFO  c.v.f.s.o.PassportOrchestrator - Паспорт 394855 уже существует, генерация пропущена (force=false)
2026-05-27 12:00:13.706 [virtual-597] INFO  c.v.f.s.o.PassportOrchestrator - Паспорт 394656 уже существует, генерация пропущена (force=false)
2026-05-27 12:00:13.706 [virtual-599] INFO  c.v.f.s.o.PassportOrchestrator - Паспорт 394716 уже существует, генерация пропущена (force=false)
2026-05-27 12:00:13.706 [virtual-601] INFO  c.v.f.s.o.PassportOrchestrator - Паспорт 394836 уже существует, генерация пропущена (force=false)
2026-05-27 12:00:13.706 [virtual-600] INFO  c.v.f.s.o.PassportOrchestrator - Паспорт 394935 уже существует, генерация пропущена (force=false)
2026-05-27 12:00:13.706 [virtual-602] INFO  c.v.f.s.o.PassportOrchestrator - Паспорт 394806 уже существует, генерация пропущена (force=false)
2026-05-27 12:00:13.707 [virtual-604] INFO  c.v.f.s.o.PassportOrchestrator - Паспорт 394809 уже существует, генерация пропущена (force=false)
2026-05-27 12:00:13.707 [virtual-603] INFO  c.v.f.s.o.PassportOrchestrator - Паспорт 394698 уже существует, генерация пропущена (force=false)
2026-05-27 12:00:13.707 [virtual-605] INFO  c.v.f.s.o.PassportOrchestrator - Паспорт 394681 уже существует, генерация пропущена (force=false)
2026-05-27 12:00:13.707 [virtual-606] INFO  c.v.f.s.o.PassportOrchestrator - Паспорт 394934 уже существует, генерация пропущена (force=false)
2026-05-27 12:00:13.683 [virtual-439] INFO  c.v.f.s.o.PassportOrchestrator - Паспорт 394892 уже существует, генерация пропущена (force=false)
2026-05-27 12:00:13.707 [virtual-608] INFO  c.v.f.s.o.PassportOrchestrator - Паспорт 394833 уже существует, генерация пропущена (force=false)
2026-05-27 12:00:13.707 [virtual-610] INFO  c.v.f.s.o.PassportOrchestrator - Паспорт 391363 уже существует, генерация пропущена (force=false)
2026-05-27 12:00:13.707 [virtual-607] INFO  c.v.f.s.o.PassportOrchestrator - Паспорт 422174 уже существует, генерация пропущена (force=false)
2026-05-27 12:00:13.707 [virtual-612] INFO  c.v.f.s.o.PassportOrchestrator - Паспорт 459016 уже существует, генерация пропущена (force=false)
2026-05-27 12:00:13.707 [virtual-593] INFO  c.v.f.s.o.PassportOrchestrator - Паспорт 394762 уже существует, генерация пропущена (force=false)
2026-05-27 12:00:13.707 [virtual-613] INFO  c.v.f.s.o.PassportOrchestrator - Паспорт 421420 уже существует, генерация пропущена (force=false)
2026-05-27 12:00:13.708 [virtual-615] INFO  c.v.f.s.o.PassportOrchestrator - Паспорт 394903 уже существует, генерация пропущена (force=false)
2026-05-27 12:00:13.708 [virtual-616] INFO  c.v.f.s.o.PassportOrchestrator - Паспорт 394641 уже существует, генерация пропущена (force=false)
2026-05-27 12:00:13.708 [virtual-617] INFO  c.v.f.s.o.PassportOrchestrator - Паспорт 394909 уже существует, генерация пропущена (force=false)
2026-05-27 12:00:13.708 [virtual-561] INFO  c.v.f.s.o.PassportOrchestrator - Паспорт 394714 уже существует, генерация пропущена (force=false)
2026-05-27 12:00:13.708 [virtual-621] INFO  c.v.f.s.o.PassportOrchestrator - Паспорт 394874 уже существует, генерация пропущена (force=false)
2026-05-27 12:00:13.708 [virtual-622] INFO  c.v.f.s.o.PassportOrchestrator - Паспорт 394646 уже существует, генерация пропущена (force=false)
2026-05-27 12:00:13.708 [virtual-624] INFO  c.v.f.s.o.PassportOrchestrator - Паспорт 394690 уже существует, генерация пропущена (force=false)
2026-05-27 12:00:13.708 [virtual-618] INFO  c.v.f.s.o.PassportOrchestrator - Паспорт 406958 уже существует, генерация пропущена (force=false)
2026-05-27 12:00:13.708 [virtual-620] INFO  c.v.f.s.o.PassportOrchestrator - Паспорт 422061 уже существует, генерация пропущена (force=false)
2026-05-27 12:00:13.708 [virtual-614] INFO  c.v.f.s.o.PassportOrchestrator - Паспорт 394674 уже существует, генерация пропущена (force=false)
2026-05-27 12:00:13.708 [virtual-623] INFO  c.v.f.s.o.PassportOrchestrator - Паспорт 394860 уже существует, генерация пропущена (force=false)
2026-05-27 12:00:13.708 [virtual-625] INFO  c.v.f.s.o.PassportOrchestrator - Паспорт 394770 уже существует, генерация пропущена (force=false)
2026-05-27 12:00:13.708 [virtual-626] INFO  c.v.f.s.o.PassportOrchestrator - Паспорт 394743 уже существует, генерация пропущена (force=false)
2026-05-27 12:00:13.708 [virtual-627] INFO  c.v.f.s.o.PassportOrchestrator - Паспорт 406591 уже существует, генерация пропущена (force=false)
2026-05-27 12:00:13.709 [virtual-630] INFO  c.v.f.s.o.PassportOrchestrator - Паспорт 394644 уже существует, генерация пропущена (force=false)
2026-05-27 12:00:13.709 [virtual-628] INFO  c.v.f.s.o.PassportOrchestrator - Паспорт 394877 уже существует, генерация пропущена (force=false)
2026-05-27 12:00:13.709 [virtual-629] INFO  c.v.f.s.o.PassportOrchestrator - Паспорт 414679 уже существует, генерация пропущена (force=false)
2026-05-27 12:00:13.709 [virtual-632] INFO  c.v.f.s.o.PassportOrchestrator - Паспорт 394697 уже существует, генерация пропущена (force=false)
2026-05-27 12:00:13.709 [virtual-631] INFO  c.v.f.s.o.PassportOrchestrator - Паспорт 394738 уже существует, генерация пропущена (force=false)
2026-05-27 12:00:13.683 [virtual-438] INFO  c.v.f.s.o.PassportOrchestrator - Паспорт 391369 уже существует, генерация пропущена (force=false)
2026-05-27 12:00:13.709 [virtual-633] INFO  c.v.f.s.o.PassportOrchestrator - Паспорт 394797 уже существует, генерация пропущена (force=false)
2026-05-27 12:00:13.709 [virtual-635] INFO  c.v.f.s.o.PassportOrchestrator - Паспорт 394841 уже существует, генерация пропущена (force=false)
2026-05-27 12:00:13.709 [virtual-562] INFO  c.v.f.s.o.PassportOrchestrator - Паспорт 406962 уже существует, генерация пропущена (force=false)
2026-05-27 12:00:13.709 [virtual-636] INFO  c.v.f.s.o.PassportOrchestrator - Паспорт 394700 уже существует, генерация пропущена (force=false)
2026-05-27 12:00:13.709 [virtual-638] INFO  c.v.f.s.o.PassportOrchestrator - Паспорт 414680 уже существует, генерация пропущена (force=false)
2026-05-27 12:00:13.709 [virtual-639] INFO  c.v.f.s.o.PassportOrchestrator - Паспорт 458755 уже существует, генерация пропущена (force=false)
2026-05-27 12:00:13.710 [virtual-643] INFO  c.v.f.s.o.PassportOrchestrator - Паспорт 394673 уже существует, генерация пропущена (force=false)
2026-05-27 12:00:13.710 [virtual-640] INFO  c.v.f.s.o.PassportOrchestrator - Паспорт 394693 уже существует, генерация пропущена (force=false)
2026-05-27 12:00:13.701 [virtual-571] INFO  c.v.f.s.o.PassportOrchestrator - Паспорт 394838 уже существует, генерация пропущена (force=false)
2026-05-27 12:00:13.710 [virtual-647] INFO  c.v.f.s.o.PassportOrchestrator - Паспорт 394874 уже существует, генерация пропущена (force=false)
2026-05-27 12:00:13.711 [virtual-648] INFO  c.v.f.s.o.PassportOrchestrator - Паспорт 394670 уже существует, генерация пропущена (force=false)
2026-05-27 12:00:13.710 [virtual-642] INFO  c.v.f.s.o.PassportOrchestrator - Паспорт 415458 уже существует, генерация пропущена (force=false)
2026-05-27 12:00:13.710 [virtual-644] INFO  c.v.f.s.o.PassportOrchestrator - Паспорт 394713 уже существует, генерация пропущена (force=false)
2026-05-27 12:00:13.711 [virtual-651] INFO  c.v.f.s.o.PassportOrchestrator - Паспорт 411136 уже существует, генерация пропущена (force=false)
2026-05-27 12:00:13.711 [virtual-653] INFO  c.v.f.s.o.PassportOrchestrator - Паспорт 394777 уже существует, генерация пропущена (force=false)
2026-05-27 12:00:13.711 [virtual-580] INFO  c.v.f.s.o.PassportOrchestrator - Паспорт 394700 уже существует, генерация пропущена (force=false)
2026-05-27 12:00:13.710 [virtual-645] INFO  c.v.f.s.o.PassportOrchestrator - Паспорт 417312 уже существует, генерация пропущена (force=false)
2026-05-27 12:00:13.710 [virtual-646] INFO  c.v.f.s.o.PassportOrchestrator - Паспорт 394702 уже существует, генерация пропущена (force=false)
2026-05-27 12:00:13.711 [virtual-649] INFO  c.v.f.s.o.PassportOrchestrator - Паспорт 394827 уже существует, генерация пропущена (force=false)
2026-05-27 12:00:13.711 [virtual-576] INFO  c.v.f.s.o.PassportOrchestrator - Паспорт 457120 уже существует, генерация пропущена (force=false)
2026-05-27 12:00:13.711 [virtual-650] INFO  c.v.f.s.o.PassportOrchestrator - Паспорт 394652 уже существует, генерация пропущена (force=false)
2026-05-27 12:00:13.711 [virtual-655] INFO  c.v.f.s.o.PassportOrchestrator - Паспорт 391375 уже существует, генерация пропущена (force=false)
2026-05-27 12:00:13.711 [virtual-505] INFO  c.v.f.s.o.PassportOrchestrator - Паспорт 394704 уже существует, генерация пропущена (force=false)
2026-05-27 12:00:13.711 [virtual-657] INFO  c.v.f.s.o.PassportOrchestrator - Паспорт 394726 уже существует, генерация пропущена (force=false)
2026-05-27 12:00:13.711 [virtual-656] INFO  c.v.f.s.o.PassportOrchestrator - Паспорт 394823 уже существует, генерация пропущена (force=false)
2026-05-27 12:00:13.711 [virtual-659] INFO  c.v.f.s.o.PassportOrchestrator - Паспорт 394701 уже существует, генерация пропущена (force=false)
2026-05-27 12:00:13.712 [virtual-660] INFO  c.v.f.s.o.PassportOrchestrator - Паспорт 394790 уже существует, генерация пропущена (force=false)
2026-05-27 12:00:13.712 [virtual-658] INFO  c.v.f.s.o.PassportOrchestrator - Паспорт 394813 уже существует, генерация пропущена (force=false)
2026-05-27 12:00:13.712 [virtual-661] INFO  c.v.f.s.o.PassportOrchestrator - Паспорт 394847 уже существует, генерация пропущена (force=false)
2026-05-27 12:00:13.712 [virtual-662] INFO  c.v.f.s.o.PassportOrchestrator - Паспорт 394875 уже существует, генерация пропущена (force=false)
2026-05-27 12:00:13.712 [virtual-664] INFO  c.v.f.s.o.PassportOrchestrator - Паспорт 394761 уже существует, генерация пропущена (force=false)
2026-05-27 12:00:13.712 [virtual-663] INFO  c.v.f.s.o.PassportOrchestrator - Паспорт 394706 уже существует, генерация пропущена (force=false)
2026-05-27 12:00:13.712 [virtual-665] INFO  c.v.f.s.o.PassportOrchestrator - Паспорт 417284 уже существует, генерация пропущена (force=false)
2026-05-27 12:00:13.712 [virtual-666] INFO  c.v.f.s.o.PassportOrchestrator - Паспорт 394832 уже существует, генерация пропущена (force=false)
2026-05-27 12:00:13.712 [virtual-668] INFO  c.v.f.s.o.PassportOrchestrator - Паспорт 391348 уже существует, генерация пропущена (force=false)
2026-05-27 12:00:13.712 [virtual-667] INFO  c.v.f.s.o.PassportOrchestrator - Паспорт 457484 уже существует, генерация пропущена (force=false)
2026-05-27 12:00:13.712 [virtual-672] INFO  c.v.f.s.o.PassportOrchestrator - Паспорт 394664 уже существует, генерация пропущена (force=false)
2026-05-27 12:00:13.712 [virtual-670] INFO  c.v.f.s.o.PassportOrchestrator - Паспорт 394800 уже существует, генерация пропущена (force=false)
2026-05-27 12:00:13.712 [virtual-671] INFO  c.v.f.s.o.PassportOrchestrator - Паспорт 422176 уже существует, генерация пропущена (force=false)
2026-05-27 12:00:13.705 [virtual-584] INFO  c.v.f.s.o.PassportOrchestrator - Паспорт 394736 уже существует, генерация пропущена (force=false)
2026-05-27 12:00:13.712 [virtual-674] INFO  c.v.f.s.o.PassportOrchestrator - Паспорт 394734 уже существует, генерация пропущена (force=false)
2026-05-27 12:00:13.712 [virtual-609] INFO  c.v.f.s.o.PassportOrchestrator - Паспорт 394803 уже существует, генерация пропущена (force=false)
2026-05-27 12:00:13.683 [virtual-437] INFO  c.v.f.s.o.PassportOrchestrator - Паспорт 394647 уже существует, генерация пропущена (force=false)
2026-05-27 12:00:13.713 [virtual-675] INFO  c.v.f.s.o.PassportOrchestrator - Паспорт 414700 уже существует, генерация пропущена (force=false)
2026-05-27 12:00:13.713 [virtual-676] INFO  c.v.f.s.o.PassportOrchestrator - Паспорт 394910 уже существует, генерация пропущена (force=false)
2026-05-27 12:00:13.713 [virtual-679] INFO  c.v.f.s.o.PassportOrchestrator - Паспорт 394899 уже существует, генерация пропущена (force=false)
2026-05-27 12:00:13.713 [virtual-678] INFO  c.v.f.s.o.PassportOrchestrator - Паспорт 391355 уже существует, генерация пропущена (force=false)
2026-05-27 12:00:13.683 [virtual-440] INFO  c.v.f.s.o.PassportOrchestrator - Паспорт 394837 уже существует, генерация пропущена (force=false)
2026-05-27 12:00:13.713 [virtual-680] INFO  c.v.f.s.o.PassportOrchestrator - Паспорт 394858 уже существует, генерация пропущена (force=false)
2026-05-27 12:00:13.713 [virtual-681] INFO  c.v.f.s.o.PassportOrchestrator - Паспорт 394686 уже существует, генерация пропущена (force=false)
2026-05-27 12:00:13.713 [virtual-682] INFO  c.v.f.s.o.PassportOrchestrator - Паспорт 394731 уже существует, генерация пропущена (force=false)
2026-05-27 12:00:13.713 [virtual-684] INFO  c.v.f.s.o.PassportOrchestrator - Паспорт 422019 уже существует, генерация пропущена (force=false)
2026-05-27 12:00:13.713 [virtual-686] INFO  c.v.f.s.o.PassportOrchestrator - Паспорт 422018 уже существует, генерация пропущена (force=false)
2026-05-27 12:00:13.713 [virtual-611] INFO  c.v.f.s.o.PassportOrchestrator - Паспорт 411160 уже существует, генерация пропущена (force=false)
2026-05-27 12:00:13.713 [virtual-683] INFO  c.v.f.s.o.PassportOrchestrator - Паспорт 394869 уже существует, генерация пропущена (force=false)
2026-05-27 12:00:13.713 [virtual-687] INFO  c.v.f.s.o.PassportOrchestrator - Паспорт 394682 уже существует, генерация пропущена (force=false)
2026-05-27 12:00:13.714 [virtual-688] INFO  c.v.f.s.o.PassportOrchestrator - Паспорт 394812 уже существует, генерация пропущена (force=false)
2026-05-27 12:00:13.714 [virtual-689] INFO  c.v.f.s.o.PassportOrchestrator - Паспорт 394718 уже существует, генерация пропущена (force=false)
2026-05-27 12:00:13.714 [virtual-691] INFO  c.v.f.s.o.PassportOrchestrator - Паспорт 394841 уже существует, генерация пропущена (force=false)
2026-05-27 12:00:13.714 [virtual-685] INFO  c.v.f.s.o.PassportOrchestrator - Паспорт 391364 уже существует, генерация пропущена (force=false)
2026-05-27 12:00:13.714 [virtual-692] INFO  c.v.f.s.o.PassportOrchestrator - Паспорт 394723 уже существует, генерация пропущена (force=false)
2026-05-27 12:00:13.714 [virtual-693] INFO  c.v.f.s.o.PassportOrchestrator - Паспорт 391348 уже существует, генерация пропущена (force=false)
2026-05-27 12:00:13.714 [virtual-677] INFO  c.v.f.s.o.PassportOrchestrator - Паспорт 394722 уже существует, генерация пропущена (force=false)
2026-05-27 12:00:13.714 [virtual-619] INFO  c.v.f.s.o.PassportOrchestrator - Паспорт 411242 уже существует, генерация пропущена (force=false)
2026-05-27 12:00:13.714 [virtual-695] INFO  c.v.f.s.o.PassportOrchestrator - Паспорт 394711 уже существует, генерация пропущена (force=false)
2026-05-27 12:00:13.715 [virtual-697] INFO  c.v.f.s.o.PassportOrchestrator - Паспорт 394648 уже существует, генерация пропущена (force=false)
2026-05-27 12:00:13.715 [virtual-703] INFO  c.v.f.s.o.PassportOrchestrator - Паспорт 394866 уже существует, генерация пропущена (force=false)
2026-05-27 12:00:13.715 [virtual-698] INFO  c.v.f.s.o.PassportOrchestrator - Паспорт 394909 уже существует, генерация пропущена (force=false)
2026-05-27 12:00:13.716 [virtual-634] INFO  c.v.f.s.o.PassportOrchestrator - Паспорт 422176 уже существует, генерация пропущена (force=false)
2026-05-27 12:00:13.715 [virtual-696] INFO  c.v.f.s.o.PassportOrchestrator - Паспорт 394885 уже существует, генерация пропущена (force=false)
2026-05-27 12:00:13.683 [virtual-441] INFO  c.v.f.s.o.PassportOrchestrator - Паспорт 412772 уже существует, генерация пропущена (force=false)
2026-05-27 12:00:13.715 [virtual-701] INFO  c.v.f.s.o.PassportOrchestrator - Паспорт 394848 уже существует, генерация пропущена (force=false)
2026-05-27 12:00:13.715 [virtual-700] INFO  c.v.f.s.o.PassportOrchestrator - Паспорт 394785 уже существует, генерация пропущена (force=false)
2026-05-27 12:00:13.718 [virtual-710] INFO  c.v.f.s.o.PassportOrchestrator - Паспорт 394878 уже существует, генерация пропущена (force=false)
2026-05-27 12:00:13.718 [virtual-711] INFO  c.v.f.s.o.PassportOrchestrator - Паспорт 415854 уже существует, генерация пропущена (force=false)
2026-05-27 12:00:13.718 [virtual-715] INFO  c.v.f.s.o.PassportOrchestrator - Паспорт 391351 уже существует, генерация пропущена (force=false)
2026-05-27 12:00:13.715 [virtual-702] INFO  c.v.f.s.o.PassportOrchestrator - Паспорт 421410 уже существует, генерация пропущена (force=false)
2026-05-27 12:00:13.716 [virtual-706] INFO  c.v.f.s.o.PassportOrchestrator - Паспорт 422021 уже существует, генерация пропущена (force=false)
2026-05-27 12:00:13.716 [virtual-637] INFO  c.v.f.s.o.PassportOrchestrator - Паспорт 391339 уже существует, генерация пропущена (force=false)
2026-05-27 12:00:13.717 [virtual-707] INFO  c.v.f.s.o.PassportOrchestrator - Паспорт 424035 уже существует, генерация пропущена (force=false)
2026-05-27 12:00:13.719 [virtual-719] INFO  c.v.f.s.o.PassportOrchestrator - Паспорт 394915 уже существует, генерация пропущена (force=false)
2026-05-27 12:00:13.719 [virtual-721] INFO  c.v.f.s.o.PassportOrchestrator - Паспорт 417458 уже существует, генерация пропущена (force=false)
2026-05-27 12:00:13.719 [virtual-722] INFO  c.v.f.s.o.PassportOrchestrator - Паспорт 369629 уже существует, генерация пропущена (force=false)
2026-05-27 12:00:13.717 [virtual-708] INFO  c.v.f.s.o.PassportOrchestrator - Паспорт 394891 уже существует, генерация пропущена (force=false)
2026-05-27 12:00:13.710 [virtual-641] INFO  c.v.f.s.o.PassportOrchestrator - Паспорт 394811 уже существует, генерация пропущена (force=false)
2026-05-27 12:00:13.718 [virtual-712] INFO  c.v.f.s.o.PassportOrchestrator - Паспорт 394867 уже существует, генерация пропущена (force=false)
2026-05-27 12:00:13.718 [virtual-713] INFO  c.v.f.s.o.PassportOrchestrator - Паспорт 394771 уже существует, генерация пропущена (force=false)
2026-05-27 12:00:13.718 [virtual-714] INFO  c.v.f.s.o.PassportOrchestrator - Паспорт 394930 уже существует, генерация пропущена (force=false)
2026-05-27 12:00:13.718 [virtual-716] INFO  c.v.f.s.o.PassportOrchestrator - Паспорт 422174 уже существует, генерация пропущена (force=false)
2026-05-27 12:00:13.712 [virtual-669] INFO  c.v.f.s.o.PassportOrchestrator - Паспорт 394900 уже существует, генерация пропущена (force=false)
2026-05-27 12:00:13.719 [virtual-718] INFO  c.v.f.s.o.PassportOrchestrator - Паспорт 394922 уже существует, генерация пропущена (force=false)
2026-05-27 12:00:13.719 [virtual-652] INFO  c.v.f.s.o.PassportOrchestrator - Паспорт 423754 уже существует, генерация пропущена (force=false)
2026-05-27 12:00:13.719 [virtual-720] INFO  c.v.f.s.o.PassportOrchestrator - Паспорт 394705 уже существует, генерация пропущена (force=false)
2026-05-27 12:00:13.719 [virtual-724] INFO  c.v.f.s.o.PassportOrchestrator - Паспорт 391373 уже существует, генерация пропущена (force=false)
2026-05-27 12:00:13.719 [virtual-723] INFO  c.v.f.s.o.PassportOrchestrator - Паспорт 394915 уже существует, генерация пропущена (force=false)
2026-05-27 12:00:13.719 [virtual-727] INFO  c.v.f.s.o.PassportOrchestrator - Паспорт 394918 уже существует, генерация пропущена (force=false)
2026-05-27 12:00:13.720 [virtual-728] INFO  c.v.f.s.o.PassportOrchestrator - Паспорт 391334 уже существует, генерация пропущена (force=false)
2026-05-27 12:00:13.719 [virtual-725] INFO  c.v.f.s.o.PassportOrchestrator - Паспорт 394639 уже существует, генерация пропущена (force=false)
2026-05-27 12:00:13.719 [virtual-726] INFO  c.v.f.s.o.PassportOrchestrator - Паспорт 394781 уже существует, генерация пропущена (force=false)
2026-05-27 12:00:13.721 [virtual-738] INFO  c.v.f.s.o.PassportOrchestrator - Паспорт 394728 уже существует, генерация пропущена (force=false)
2026-05-27 12:00:13.720 [virtual-729] INFO  c.v.f.s.o.PassportOrchestrator - Паспорт 391335 уже существует, генерация пропущена (force=false)
2026-05-27 12:00:13.721 [virtual-741] INFO  c.v.f.s.o.PassportOrchestrator - Паспорт 391333 уже существует, генерация пропущена (force=false)
2026-05-27 12:00:13.720 [virtual-690] INFO  c.v.f.s.o.PassportOrchestrator - Паспорт 391342 уже существует, генерация пропущена (force=false)
2026-05-27 12:00:13.720 [virtual-731] INFO  c.v.f.s.o.PassportOrchestrator - Паспорт 394695 уже существует, генерация пропущена (force=false)
2026-05-27 12:00:13.720 [virtual-732] INFO  c.v.f.s.o.PassportOrchestrator - Паспорт 421411 уже существует, генерация пропущена (force=false)
2026-05-27 12:00:13.721 [virtual-745] INFO  c.v.f.s.o.PassportOrchestrator - Паспорт 410079 уже существует, генерация пропущена (force=false)
2026-05-27 12:00:13.720 [virtual-734] INFO  c.v.f.s.o.PassportOrchestrator - Паспорт 394733 уже существует, генерация пропущена (force=false)
2026-05-27 12:00:13.720 [virtual-735] INFO  c.v.f.s.o.PassportOrchestrator - Паспорт 391354 уже существует, генерация пропущена (force=false)
2026-05-27 12:00:13.720 [virtual-733] INFO  c.v.f.s.o.PassportOrchestrator - Паспорт 394784 уже существует, генерация пропущена (force=false)
2026-05-27 12:00:13.721 [virtual-737] INFO  c.v.f.s.o.PassportOrchestrator - Паспорт 406583 уже существует, генерация пропущена (force=false)
2026-05-27 12:00:13.720 [virtual-654] INFO  c.v.f.s.o.PassportOrchestrator - Паспорт 424020 уже существует, генерация пропущена (force=false)
2026-05-27 12:00:13.721 [virtual-740] INFO  c.v.f.s.o.PassportOrchestrator - Паспорт 394707 уже существует, генерация пропущена (force=false)
2026-05-27 12:00:13.721 [virtual-748] INFO  c.v.f.s.o.PassportOrchestrator - Паспорт 394912 уже существует, генерация пропущена (force=false)
2026-05-27 12:00:13.721 [virtual-750] INFO  c.v.f.s.o.PassportOrchestrator - Паспорт 391337 уже существует, генерация пропущена (force=false)
2026-05-27 12:00:13.721 [virtual-739] INFO  c.v.f.s.o.PassportOrchestrator - Паспорт 394729 уже существует, генерация пропущена (force=false)
2026-05-27 12:00:13.721 [virtual-742] INFO  c.v.f.s.o.PassportOrchestrator - Паспорт 394923 уже существует, генерация пропущена (force=false)
2026-05-27 12:00:13.722 [virtual-752] INFO  c.v.f.s.o.PassportOrchestrator - Паспорт 458816 уже существует, генерация пропущена (force=false)
2026-05-27 12:00:13.684 [virtual-442] INFO  c.v.f.s.o.PassportOrchestrator - Паспорт 394755 уже существует, генерация пропущена (force=false)
2026-05-27 12:00:13.721 [virtual-744] INFO  c.v.f.s.o.PassportOrchestrator - Паспорт 394680 уже существует, генерация пропущена (force=false)
2026-05-27 12:00:13.721 [virtual-743] INFO  c.v.f.s.o.PassportOrchestrator - Паспорт 391374 уже существует, генерация пропущена (force=false)
2026-05-27 12:00:13.722 [virtual-758] INFO  c.v.f.s.o.PassportOrchestrator - Паспорт 418833 уже существует, генерация пропущена (force=false)
2026-05-27 12:00:13.722 [virtual-759] INFO  c.v.f.s.o.PassportOrchestrator - Паспорт 405419 уже существует, генерация пропущена (force=false)
2026-05-27 12:00:13.722 [virtual-754] INFO  c.v.f.s.o.PassportOrchestrator - Паспорт 394805 уже существует, генерация пропущена (force=false)
2026-05-27 12:00:13.722 [virtual-762] INFO  c.v.f.s.o.PassportOrchestrator - Паспорт 394872 уже существует, генерация пропущена (force=false)
2026-05-27 12:00:13.722 [virtual-763] INFO  c.v.f.s.o.PassportOrchestrator - Паспорт 424023 уже существует, генерация пропущена (force=false)
2026-05-27 12:00:13.722 [virtual-764] INFO  c.v.f.s.o.PassportOrchestrator - Паспорт 394862 уже существует, генерация пропущена (force=false)
2026-05-27 12:00:13.721 [virtual-746] INFO  c.v.f.s.o.PassportOrchestrator - Паспорт 394780 уже существует, генерация пропущена (force=false)
2026-05-27 12:00:13.722 [virtual-766] INFO  c.v.f.s.o.PassportOrchestrator - Паспорт 394861 уже существует, генерация пропущена (force=false)
2026-05-27 12:00:13.721 [virtual-747] INFO  c.v.f.s.o.PassportOrchestrator - Паспорт 394638 уже существует, генерация пропущена (force=false)
2026-05-27 12:00:13.723 [virtual-768] INFO  c.v.f.s.o.PassportOrchestrator - Паспорт 421419 уже существует, генерация пропущена (force=false)
2026-05-27 12:00:13.721 [virtual-694] INFO  c.v.f.s.o.PassportOrchestrator - Паспорт 394728 уже существует, генерация пропущена (force=false)
2026-05-27 12:00:13.723 [virtual-772] INFO  c.v.f.s.o.PassportOrchestrator - Паспорт 394789 уже существует, генерация пропущена (force=false)
2026-05-27 12:00:13.721 [virtual-751] INFO  c.v.f.s.o.PassportOrchestrator - Паспорт 394779 уже существует, генерация пропущена (force=false)
2026-05-27 12:00:13.722 [virtual-753] INFO  c.v.f.s.o.PassportOrchestrator - Паспорт 424036 уже существует, генерация пропущена (force=false)
2026-05-27 12:00:13.723 [virtual-773] INFO  c.v.f.s.o.PassportOrchestrator - Паспорт 424025 уже существует, генерация пропущена (force=false)
2026-05-27 12:00:13.722 [virtual-755] INFO  c.v.f.s.o.PassportOrchestrator - Паспорт 394816 уже существует, генерация пропущена (force=false)
2026-05-27 12:00:13.722 [virtual-756] INFO  c.v.f.s.o.PassportOrchestrator - Паспорт 394663 уже существует, генерация пропущена (force=false)
2026-05-27 12:00:13.722 [virtual-757] INFO  c.v.f.s.o.PassportOrchestrator - Паспорт 425963 уже существует, генерация пропущена (force=false)
2026-05-27 12:00:13.722 [virtual-761] INFO  c.v.f.s.o.PassportOrchestrator - Паспорт 394895 уже существует, генерация пропущена (force=false)
2026-05-27 12:00:13.715 [virtual-699] INFO  c.v.f.s.o.PassportOrchestrator - Паспорт 408076 уже существует, генерация пропущена (force=false)
2026-05-27 12:00:13.723 [virtual-767] INFO  c.v.f.s.o.PassportOrchestrator - Паспорт 391357 уже существует, генерация пропущена (force=false)
2026-05-27 12:00:13.723 [virtual-769] INFO  c.v.f.s.o.PassportOrchestrator - Паспорт 394870 уже существует, генерация пропущена (force=false)
2026-05-27 12:00:13.723 [virtual-771] INFO  c.v.f.s.o.PassportOrchestrator - Паспорт 394931 уже существует, генерация пропущена (force=false)
2026-05-27 12:00:13.724 [virtual-704] INFO  c.v.f.s.o.PassportOrchestrator - Паспорт 394865 уже существует, генерация пропущена (force=false)
2026-05-27 12:00:13.723 [virtual-774] INFO  c.v.f.s.o.PassportOrchestrator - Паспорт 413505 уже существует, генерация пропущена (force=false)
2026-05-27 12:00:13.723 [virtual-775] INFO  c.v.f.s.o.PassportOrchestrator - Паспорт 391367 уже существует, генерация пропущена (force=false)
2026-05-27 12:00:13.716 [virtual-705] INFO  c.v.f.s.o.PassportOrchestrator - Паспорт 406960 уже существует, генерация пропущена (force=false)
2026-05-27 12:00:13.724 [virtual-777] INFO  c.v.f.s.o.PassportOrchestrator - Паспорт 412724 уже существует, генерация пропущена (force=false)
2026-05-27 12:00:13.684 [virtual-443] INFO  c.v.f.s.o.PassportOrchestrator - Паспорт 394795 уже существует, генерация пропущена (force=false)
2026-05-27 12:00:13.724 [virtual-778] INFO  c.v.f.s.o.PassportOrchestrator - Паспорт 394853 уже существует, генерация пропущена (force=false)
2026-05-27 12:00:13.724 [virtual-779] INFO  c.v.f.s.o.PassportOrchestrator - Паспорт 394657 уже существует, генерация пропущена (force=false)
2026-05-27 12:00:13.684 [virtual-445] INFO  c.v.f.s.o.PassportOrchestrator - Паспорт 391338 уже существует, генерация пропущена (force=false)
2026-05-27 12:00:13.684 [virtual-447] INFO  c.v.f.s.o.PassportOrchestrator - Паспорт 391367 уже существует, генерация пропущена (force=false)
2026-05-27 12:00:13.684 [virtual-446] INFO  c.v.f.s.o.PassportOrchestrator - Паспорт 418233 уже существует, генерация пропущена (force=false)
2026-05-27 12:00:13.684 [virtual-444] INFO  c.v.f.s.o.PassportOrchestrator - Паспорт 394691 уже существует, генерация пропущена (force=false)
2026-05-27 12:00:13.684 [virtual-448] INFO  c.v.f.s.o.PassportOrchestrator - Паспорт 423727 уже существует, генерация пропущена (force=false)
2026-05-27 12:00:13.683 [virtual-318] INFO  c.v.f.s.o.PassportOrchestrator - Паспорт 394739 уже существует, генерация пропущена (force=false)
2026-05-27 12:00:13.718 [virtual-709] INFO  c.v.f.s.o.PassportOrchestrator - Паспорт 394928 уже существует, генерация пропущена (force=false)
2026-05-27 12:00:13.683 [virtual-405] INFO  c.v.f.s.o.PassportOrchestrator - Паспорт 394696 уже существует, генерация пропущена (force=false)
2026-05-27 12:00:13.684 [virtual-449] INFO  c.v.f.s.o.PassportOrchestrator - Паспорт 394748 уже существует, генерация пропущена (force=false)
2026-05-27 12:00:13.719 [virtual-717] INFO  c.v.f.s.o.PassportOrchestrator - Паспорт 391359 уже существует, генерация пропущена (force=false)
2026-05-27 12:00:13.684 [virtual-450] INFO  c.v.f.s.o.PassportOrchestrator - Паспорт 406961 уже существует, генерация пропущена (force=false)
2026-05-27 12:00:13.685 [virtual-454] INFO  c.v.f.s.o.PassportOrchestrator - Паспорт 394750 уже существует, генерация пропущена (force=false)
2026-05-27 12:00:13.726 [virtual-673] INFO  c.v.f.s.o.PassportOrchestrator - Паспорт 411201 уже существует, генерация пропущена (force=false)
2026-05-27 12:00:13.720 [virtual-730] INFO  c.v.f.s.o.PassportOrchestrator - Паспорт 391365 уже существует, генерация пропущена (force=false)
2026-05-27 12:00:13.726 [virtual-749] INFO  c.v.f.s.o.PassportOrchestrator - Паспорт 411196 уже существует, генерация пропущена (force=false)
2026-05-27 12:00:13.727 [virtual-760] INFO  c.v.f.s.o.PassportOrchestrator - Паспорт 411133 уже существует, генерация пропущена (force=false)
2026-05-27 12:00:13.727 [virtual-736] INFO  c.v.f.s.o.PassportOrchestrator - Паспорт 414194 уже существует, генерация пропущена (force=false)
2026-05-27 12:00:13.727 [virtual-765] INFO  c.v.f.s.o.PassportOrchestrator - Паспорт 394842 уже существует, генерация пропущена (force=false)
2026-05-27 12:00:13.727 [virtual-581] INFO  c.v.f.s.o.PassportOrchestrator - Паспорт 414509 уже существует, генерация пропущена (force=false)
2026-05-27 12:00:13.727 [virtual-770] INFO  c.v.f.s.o.PassportOrchestrator - Паспорт 391374 уже существует, генерация пропущена (force=false)
2026-05-27 12:00:13.727 [virtual-776] INFO  c.v.f.s.o.PassportOrchestrator - Паспорт 394751 уже существует, генерация пропущена (force=false)
2026-05-27 12:00:13.729 [virtual-398] INFO  c.v.f.service.PdfGeneratorService - ==> Старт генерации PDF для поля: ПС10-01 (Файл: ПС10_01_2026.pdf)
2026-05-27 12:00:14.382 [virtual-398] INFO  c.v.f.service.PdfGeneratorService - Данные поля успешно добавлены в документ
2026-05-27 12:00:14.407 [virtual-398] INFO  c.v.f.service.PdfGeneratorService - ==> Документ успешно зафиксирован на диске: C:\Users\vikin\OpenideProjects\field-passport-generator\output\ПС10_01_2026.pdf
2026-05-27 12:00:14.408 [virtual-398] INFO  c.v.f.service.PdfGeneratorService - ==> Генерация завершена. Путь: C:\Users\vikin\OpenideProjects\field-passport-generator\output\ПС10_01_2026.pdf
2026-05-27 12:00:14.634 [virtual-319] INFO  c.v.f.service.PdfGeneratorService - ==> Старт генерации PDF для поля: ПС10-01 (Файл: ПС10_01_2025.pdf)
2026-05-27 12:00:25.367 [virtual-319] INFO  c.v.f.service.PdfGeneratorService - Данные поля успешно добавлены в документ
2026-05-27 12:00:25.452 [virtual-319] INFO  c.v.f.service.PdfGeneratorService - ==> Документ успешно зафиксирован на диске: C:\Users\vikin\OpenideProjects\field-passport-generator\output\ПС10_01_2025.pdf
2026-05-27 12:00:25.453 [virtual-319] INFO  c.v.f.service.PdfGeneratorService - ==> Генерация завершена. Путь: C:\Users\vikin\OpenideProjects\field-passport-generator\output\ПС10_01_2025.pdf
2026-05-27 12:00:25.455 [virtual-780] INFO  c.v.f.s.o.PassportOrchestrator - ✅ Все 686 задач по генерации успешно завершены.
